,Action,Portfolio,Price,Timestamp
0,Buy,10000.0,181.71,2024-05-06 21:00:00+00:00
1,Buy,10000.2585,181.7617,2024-05-06 22:00:00+00:00
2,Buy,10001.5415,181.89,2024-05-06 23:00:00+00:00
3,Buy,10009.6615,182.47,2024-05-07 08:00:00+00:00
4,Buy,10019.2015,183.0,2024-05-07 09:00:00+00:00
5,Buy,10025.5015,183.3,2024-05-07 10:00:00+00:00
6,Buy,10012.3015,182.75,2024-05-07 11:00:00+00:00
7,Buy,10011.7615,182.73,2024-05-07 12:00:00+00:00
8,Buy,10017.271499999999,182.92,2024-05-07 13:00:00+00:00
9,Sell,9998.0515,182.3,2024-05-07 14:00:00+00:00
10,Buy,9998.0515,181.32,2024-05-07 16:00:00+00:00
11,Buy,10000.8015,181.87,2024-05-07 17:00:00+00:00
12,Buy,10004.6715,182.3,2024-05-07 18:00:00+00:00
13,Sell,10002.9815,182.17,2024-05-07 19:00:00+00:00
14,Buy,10002.9815,182.212,2024-05-07 22:00:00+00:00
15,Buy,10003.0715,182.23,2024-05-07 23:00:00+00:00
16,Buy,10003.701500000001,182.3,2024-05-08 08:00:00+00:00
17,Buy,10013.5815,183.06,2024-05-08 09:00:00+00:00
18,Buy,10010.1815,182.86,2024-05-08 10:00:00+00:00
19,Buy,10002.981500000002,182.5,2024-05-08 11:00:00+00:00
20,Buy,9991.0215,181.98,2024-05-08 12:00:00+00:00
21,Buy,9987.381500000001,181.84,2024-05-08 13:00:00+00:00
22,Buy,9976.461500000001,181.45,2024-05-08 14:00:00+00:00
23,Buy,9988.461500000001,181.85,2024-05-08 15:00:00+00:00
24,Buy,9995.0215,182.055,2024-05-08 16:00:00+00:00
25,Buy,9994.1715,182.03,2024-05-08 17:00:00+00:00
26,Buy,10010.371500000001,182.48,2024-05-08 18:00:00+00:00
27,Sell,10015.181500000002,182.61,2024-05-08 19:00:00+00:00
28,Buy,10015.181500000002,182.41,2024-05-08 21:00:00+00:00
29,Buy,10015.381500000003,182.45,2024-05-08 22:00:00+00:00
30,Sell,10014.931500000004,182.4,2024-05-08 23:00:00+00:00
31,Buy,10014.931500000004,182.13,2024-05-09 08:00:00+00:00
32,Buy,10014.881500000005,182.12,2024-05-09 09:00:00+00:00
33,Buy,10016.501500000006,182.3,2024-05-09 10:00:00+00:00
34,Buy,10015.851500000004,182.25,2024-05-09 11:00:00+00:00
35,Buy,10015.851500000004,182.25,2024-05-09 12:00:00+00:00
36,Sell,10013.051500000005,182.11,2024-05-09 13:00:00+00:00
37,Buy,10013.051500000005,183.11,2024-05-09 14:00:00+00:00
38,Buy,10013.701500000006,183.24,2024-05-09 15:00:00+00:00
39,Buy,10015.456500000008,183.435,2024-05-09 16:00:00+00:00
40,Buy,10021.371500000007,183.89,2024-05-09 17:00:00+00:00
41,Buy,10024.261500000008,184.06,2024-05-09 18:00:00+00:00
42,Sell,10027.461500000007,184.22,2024-05-09 19:00:00+00:00
43,Buy,10027.461500000007,184.57,2024-05-09 21:00:00+00:00
44,Buy,10027.461500000005,184.57,2024-05-09 22:00:00+00:00
45,Buy,10028.631500000005,184.7,2024-05-09 23:00:00+00:00
46,Buy,10026.811500000005,184.56,2024-05-10 08:00:00+00:00
47,Buy,10029.191500000006,184.7,2024-05-10 09:00:00+00:00
48,Sell,10031.191500000006,184.8,2024-05-10 10:00:00+00:00
49,Buy,10031.191500000006,184.75,2024-05-10 11:00:00+00:00
50,Sell,10028.141500000007,184.14,2024-05-10 12:00:00+00:00
51,Buy,10028.141500000007,183.36,2024-05-10 13:00:00+00:00
52,Buy,10022.641500000009,182.26,2024-05-10 14:00:00+00:00
53,Buy,10023.631500000009,182.37,2024-05-10 15:00:00+00:00
54,Sell,10022.006500000009,182.245,2024-05-10 16:00:00+00:00
55,Buy,10022.006500000009,182.13,2024-05-10 17:00:00+00:00
56,Buy,10023.106500000009,182.35,2024-05-10 18:00:00+00:00
57,Sell,10026.03150000001,182.675,2024-05-10 19:00:00+00:00
58,Buy,10026.03150000001,182.55,2024-05-10 21:00:00+00:00
59,Buy,10027.03150000001,182.75,2024-05-10 22:00:00+00:00
60,Buy,10024.78150000001,182.5,2024-05-10 23:00:00+00:00
61,Buy,10040.38150000001,183.7,2024-05-13 08:00:00+00:00
62,Sell,10054.66150000001,184.54,2024-05-13 09:00:00+00:00
63,Buy,10054.66150000001,185.0,2024-05-13 11:00:00+00:00
64,Buy,10049.21150000001,183.91,2024-05-13 12:00:00+00:00
65,Buy,10055.60150000001,184.62,2024-05-13 13:00:00+00:00
66,Buy,10059.76150000001,184.94,2024-05-13 14:00:00+00:00
67,Buy,10073.87150000001,185.77,2024-05-13 15:00:00+00:00
68,Buy,10077.87150000001,185.97,2024-05-13 16:00:00+00:00
69,Buy,10084.31150000001,186.25,2024-05-13 17:00:00+00:00
70,Buy,10092.37150000001,186.56,2024-05-13 18:00:00+00:00
71,Sell,10078.65150000001,186.07,2024-05-13 19:00:00+00:00
72,Buy,10078.65150000001,186.13,2024-05-13 21:00:00+00:00
73,Buy,10078.801500000012,186.16,2024-05-13 22:00:00+00:00
74,Buy,10078.351500000012,186.11,2024-05-13 23:00:00+00:00
75,Buy,10082.90150000001,186.46,2024-05-14 08:00:00+00:00
76,Buy,10088.681500000012,186.8,2024-05-14 09:00:00+00:00
77,Buy,10092.681500000012,187.0,2024-05-14 10:00:00+00:00
78,Buy,10078.881500000012,186.4,2024-05-14 11:00:00+00:00
79,Buy,10052.88150000001,185.4,2024-05-14 12:00:00+00:00
80,Buy,10071.64150000001,186.07,2024-05-14 13:00:00+00:00
81,Buy,10078.241500000011,186.29,2024-05-14 14:00:00+00:00
82,Buy,10085.281500000012,186.51,2024-05-14 15:00:00+00:00
83,Buy,10088.341500000011,186.6,2024-05-14 16:00:00+00:00
84,Buy,10082.977500000012,186.451,2024-05-14 17:00:00+00:00
85,Buy,10099.03550000001,186.885,2024-05-14 18:00:00+00:00
86,Sell,10109.485500000012,187.16,2024-05-14 19:00:00+00:00
87,Buy,10109.485500000012,187.43,2024-05-14 22:00:00+00:00
88,Buy,10109.585500000012,187.45,2024-05-14 23:00:00+00:00
89,Buy,10105.535500000013,187.0,2024-05-15 08:00:00+00:00
90,Sell,10109.435500000012,187.3,2024-05-15 09:00:00+00:00
91,Buy,10109.435500000012,187.2,2024-05-15 10:00:00+00:00
92,Buy,10109.435500000012,187.2,2024-05-15 11:00:00+00:00
93,Buy,10107.635500000013,187.0,2024-05-15 12:00:00+00:00
94,Buy,10110.235500000013,187.2,2024-05-15 13:00:00+00:00
95,Buy,10137.435500000012,188.8,2024-05-15 14:00:00+00:00
96,Buy,10152.235500000013,189.54,2024-05-15 15:00:00+00:00
97,Buy,10158.100500000011,189.795,2024-05-15 16:00:00+00:00
98,Buy,10167.850500000011,190.17,2024-05-15 17:00:00+00:00
99,Sell,10158.050500000012,189.82,2024-05-15 18:00:00+00:00
100,Buy,10158.050500000012,189.71,2024-05-15 21:00:00+00:00
101,Buy,10158.300500000012,189.76,2024-05-15 22:00:00+00:00
102,Buy,10159.290500000012,189.87,2024-05-15 23:00:00+00:00
103,Buy,10162.540500000014,190.12,2024-05-16 08:00:00+00:00
104,Buy,10152.000500000013,189.5,2024-05-16 09:00:00+00:00
105,Buy,10155.600500000013,189.68,2024-05-16 10:00:00+00:00
106,Buy,10162.730500000012,189.99,2024-05-16 11:00:00+00:00
107,Sell,10160.390500000012,189.9,2024-05-16 12:00:00+00:00
108,Buy,10160.390500000012,189.97,2024-05-16 13:00:00+00:00
109,Buy,10160.690500000012,190.03,2024-05-16 14:00:00+00:00
110,Buy,10157.94550000001,189.725,2024-05-16 15:00:00+00:00
111,Buy,10159.180500000011,189.82,2024-05-16 16:00:00+00:00
112,Buy,10160.370500000012,189.89,2024-05-16 17:00:00+00:00
113,Sell,10157.770500000011,189.76,2024-05-16 18:00:00+00:00
114,Buy,10157.770500000011,189.72,2024-05-16 21:00:00+00:00
115,Buy,10157.82050000001,189.73,2024-05-16 22:00:00+00:00
116,Buy,10158.99050000001,189.86,2024-05-16 23:00:00+00:00
117,Buy,10154.31050000001,189.5,2024-05-17 08:00:00+00:00
118,Sell,10156.52050000001,189.63,2024-05-17 09:00:00+00:00
119,Buy,10156.52050000001,189.72,2024-05-17 10:00:00+00:00
120,Buy,10156.42050000001,189.7,2024-05-17 11:00:00+00:00
121,Buy,10156.48980000001,189.7077,2024-05-17 12:00:00+00:00
122,Buy,10149.62970000001,189.18,2024-05-17 13:00:00+00:00
123,Buy,10160.679700000012,189.83,2024-05-17 14:00:00+00:00
124,Sell,10152.481700000011,189.4201,2024-05-17 15:00:00+00:00
125,Buy,10152.481700000011,189.5501,2024-05-17 16:00:00+00:00
126,Buy,10152.63120000001,189.58,2024-05-17 17:00:00+00:00
127,Buy,10150.831200000011,189.38,2024-05-17 18:00:00+00:00
128,Buy,10155.641200000011,189.75,2024-05-17 19:00:00+00:00
129,Sell,10156.831200000011,189.82,2024-05-17 20:00:00+00:00
130,Buy,10156.831200000011,189.87,2024-05-17 21:00:00+00:00
131,Buy,10157.43120000001,189.99,2024-05-17 22:00:00+00:00
132,Buy,10156.62120000001,189.9,2024-05-17 23:00:00+00:00
133,Buy,10154.281200000009,189.72,2024-05-20 08:00:00+00:00
134,Sell,10134.051200000009,188.53,2024-05-20 09:00:00+00:00
135,Buy,10134.051200000009,188.27,2024-05-20 10:00:00+00:00
136,Buy,10136.451200000009,188.75,2024-05-20 11:00:00+00:00
137,Buy,10136.90120000001,188.8,2024-05-20 12:00:00+00:00
138,Buy,10137.811200000007,188.87,2024-05-20 13:00:00+00:00
139,Buy,10170.791200000007,190.81,2024-05-20 14:00:00+00:00
140,Buy,10176.191200000008,191.08,2024-05-20 15:00:00+00:00
141,Buy,10174.811200000007,191.02,2024-05-20 16:00:00+00:00
142,Buy,10184.171200000008,191.38,2024-05-20 17:00:00+00:00
143,Buy,10177.171200000008,191.13,2024-05-20 18:00:00+00:00
144,Sell,10167.571200000008,190.81,2024-05-20 19:00:00+00:00
145,Buy,10167.571200000008,191.15,2024-05-20 21:00:00+00:00
146,Buy,10167.021200000008,191.04,2024-05-20 22:00:00+00:00
147,Buy,10167.561200000007,191.1,2024-05-20 23:00:00+00:00
148,Buy,10163.531200000009,190.79,2024-05-21 08:00:00+00:00
149,Sell,10162.681200000008,190.74,2024-05-21 09:00:00+00:00
150,Buy,10162.681200000008,190.8,2024-05-21 10:00:00+00:00
151,Buy,10164.681200000008,191.2,2024-05-21 11:00:00+00:00
152,Buy,10163.24120000001,191.04,2024-05-21 12:00:00+00:00
153,Buy,10161.682500000008,190.9201,2024-05-21 13:00:00+00:00
154,Buy,10177.660800000009,191.86,2024-05-21 14:00:00+00:00
155,Buy,10180.86080000001,192.02,2024-05-21 15:00:00+00:00
156,Buy,10175.340800000009,191.78,2024-05-21 16:00:00+00:00
157,Buy,10182.31400000001,192.0482,2024-05-21 17:00:00+00:00
158,Buy,10190.20440000001,192.33,2024-05-21 18:00:00+00:00
159,Sell,10188.554400000008,192.275,2024-05-21 19:00:00+00:00
160,Buy,10188.554400000008,192.34,2024-05-21 21:00:00+00:00
161,Buy,10188.804400000008,192.39,2024-05-21 22:00:00+00:00
162,Buy,10188.444400000008,192.35,2024-05-21 23:00:00+00:00
163,Buy,10184.02440000001,192.01,2024-05-22 08:00:00+00:00
164,Sell,10179.264400000007,191.73,2024-05-22 09:00:00+00:00
165,Buy,10179.264400000007,191.73,2024-05-22 10:00:00+00:00
166,Sell,10179.764400000007,191.83,2024-05-22 11:00:00+00:00
167,Buy,10179.764400000007,191.8057,2024-05-22 12:00:00+00:00
168,Buy,10180.485900000007,191.95,2024-05-22 13:00:00+00:00
169,Buy,10181.655900000009,192.08,2024-05-22 14:00:00+00:00
170,Buy,10176.195900000008,191.66,2024-05-22 15:00:00+00:00
171,Buy,10167.610900000007,191.155,2024-05-22 16:00:00+00:00
172,Sell,10158.910900000008,190.72,2024-05-22 17:00:00+00:00
173,Buy,10158.910900000008,190.27,2024-05-22 18:00:00+00:00
174,Sell,10159.460900000007,190.38,2024-05-22 19:00:00+00:00
175,Buy,10159.460900000007,190.28,2024-05-22 21:00:00+00:00
176,Buy,10160.762400000007,190.5403,2024-05-22 22:00:00+00:00
177,Buy,10159.139700000007,190.36,2024-05-22 23:00:00+00:00
178,Buy,10162.909700000007,190.65,2024-05-23 08:00:00+00:00
179,Sell,10164.949700000006,190.77,2024-05-23 09:00:00+00:00
180,Buy,10164.949700000006,190.78,2024-05-23 10:00:00+00:00
181,Buy,10165.299700000007,190.85,2024-05-23 11:00:00+00:00
182,Buy,10165.299700000007,190.85,2024-05-23 12:00:00+00:00
183,Buy,10141.899700000009,189.05,2024-05-23 13:00:00+00:00
184,Buy,10132.634700000008,188.505,2024-05-23 14:00:00+00:00
185,Buy,10136.134700000008,188.68,2024-05-23 15:00:00+00:00
186,Buy,10137.744700000007,188.75,2024-05-23 16:00:00+00:00
187,Buy,10106.804700000008,187.56,2024-05-23 17:00:00+00:00
188,Buy,10095.604700000007,187.16,2024-05-23 18:00:00+00:00
189,Buy,10079.554700000008,186.625,2024-05-23 19:00:00+00:00
190,Sell,10079.714700000008,186.63,2024-05-23 20:00:00+00:00
191,Buy,10079.714700000008,186.88,2024-05-23 21:00:00+00:00
192,Buy,10080.61470000001,187.06,2024-05-23 22:00:00+00:00
193,Buy,10080.88470000001,187.09,2024-05-23 23:00:00+00:00
194,Buy,10087.254700000009,187.58,2024-05-24 08:00:00+00:00
195,Sell,10095.584700000009,188.07,2024-05-24 09:00:00+00:00
196,Buy,10095.584700000009,188.18,2024-05-24 10:00:00+00:00
197,Sell,10094.38470000001,187.94,2024-05-24 11:00:00+00:00
198,Buy,10094.38470000001,186.88,2024-05-24 12:00:00+00:00
199,Buy,10100.186700000011,188.0404,2024-05-24 13:00:00+00:00
200,Buy,10105.853100000011,188.67,2024-05-24 14:00:00+00:00
201,Buy,10118.59310000001,189.65,2024-05-24 15:00:00+00:00
202,Buy,10127.263100000011,190.16,2024-05-24 16:00:00+00:00
203,Buy,10125.263100000011,190.06,2024-05-24 17:00:00+00:00
204,Buy,10125.14810000001,190.055,2024-05-24 18:00:00+00:00
205,Sell,10119.038100000009,189.82,2024-05-24 19:00:00+00:00
206,Buy,10119.038100000009,189.98,2024-05-24 21:00:00+00:00
207,Buy,10118.88810000001,189.95,2024-05-24 22:00:00+00:00
208,Sell,10118.52810000001,189.91,2024-05-24 23:00:00+00:00
209,Buy,10118.52810000001,190.59,2024-05-28 08:00:00+00:00
210,Sell,10135.57810000001,194.0,2024-05-28 09:00:00+00:00
211,Buy,10135.57810000001,193.66,2024-05-28 10:00:00+00:00
212,Buy,10134.52810000001,193.45,2024-05-28 11:00:00+00:00
213,Sell,10109.68810000001,190.69,2024-05-28 12:00:00+00:00
214,Buy,10109.68810000001,190.33,2024-05-28 13:00:00+00:00
215,Buy,10113.03810000001,191.0,2024-05-28 14:00:00+00:00
216,Buy,10115.828100000012,191.31,2024-05-28 15:00:00+00:00
217,Buy,10112.57810000001,191.06,2024-05-28 16:00:00+00:00
218,Buy,10098.658100000011,190.19,2024-05-28 17:00:00+00:00
219,Buy,10077.94810000001,189.1,2024-05-28 18:00:00+00:00
220,Sell,10083.00810000001,189.33,2024-05-28 19:00:00+00:00
221,Buy,10083.00810000001,189.91,2024-05-28 20:00:00+00:00
222,Buy,10083.408100000011,189.99,2024-05-28 21:00:00+00:00
223,Buy,10083.228100000011,189.97,2024-05-28 22:00:00+00:00
224,Buy,10083.488100000011,189.99,2024-05-28 23:00:00+00:00
225,Buy,10066.658100000011,189.0,2024-05-29 08:00:00+00:00
226,Sell,10072.658100000011,189.3,2024-05-29 09:00:00+00:00
227,Buy,10072.658100000011,189.5,2024-05-29 11:00:00+00:00
228,Buy,10072.658100000011,189.5,2024-05-29 12:00:00+00:00
229,Buy,10070.858100000012,189.3,2024-05-29 13:00:00+00:00
230,Buy,10097.508100000012,191.35,2024-05-29 14:00:00+00:00
231,Buy,10093.188100000012,191.08,2024-05-29 15:00:00+00:00
232,Buy,10096.608100000012,191.26,2024-05-29 16:00:00+00:00
233,Buy,10101.228100000011,191.47,2024-05-29 17:00:00+00:00
234,Buy,10092.478100000011,191.12,2024-05-29 18:00:00+00:00
235,Sell,10060.888100000011,189.95,2024-05-29 19:00:00+00:00
236,Buy,10060.888100000011,189.8,2024-05-29 21:00:00+00:00
237,Buy,10061.538100000012,189.93,2024-05-29 22:00:00+00:00
238,Buy,10062.078100000012,189.99,2024-05-29 23:00:00+00:00
239,Buy,10060.77810000001,189.89,2024-05-30 08:00:00+00:00
240,Sell,10070.538100000012,190.5,2024-05-30 09:00:00+00:00
241,Buy,10070.538100000012,190.49,2024-05-30 10:00:00+00:00
242,Buy,10069.088100000012,190.2,2024-05-30 11:00:00+00:00
243,Buy,10066.028100000012,189.86,2024-05-30 12:00:00+00:00
244,Buy,10072.658100000011,190.37,2024-05-30 13:00:00+00:00
245,Buy,10077.618100000012,190.68,2024-05-30 14:00:00+00:00
246,Buy,10088.448100000012,191.25,2024-05-30 15:00:00+00:00
247,Buy,10085.148100000013,191.1,2024-05-30 16:00:00+00:00
248,Buy,10100.398100000013,191.71,2024-05-30 17:00:00+00:00
249,Buy,10090.948100000012,191.36,2024-05-30 18:00:00+00:00
250,Sell,10076.158100000011,190.85,2024-05-30 19:00:00+00:00
251,Buy,10076.158100000011,191.29,2024-05-30 21:00:00+00:00
252,Buy,10076.158100000011,191.29,2024-05-30 22:00:00+00:00
253,Buy,10077.23810000001,191.41,2024-05-30 23:00:00+00:00
254,Buy,10067.48810000001,190.66,2024-05-31 08:00:00+00:00
255,Sell,10069.08810000001,190.76,2024-05-31 09:00:00+00:00
256,Buy,10069.08810000001,190.53,2024-05-31 10:00:00+00:00
257,Sell,10068.93810000001,190.5,2024-05-31 11:00:00+00:00
258,Buy,10068.93810000001,190.5,2024-05-31 12:00:00+00:00
259,Sell,10071.388100000011,190.99,2024-05-31 13:00:00+00:00
260,Buy,10071.388100000011,191.06,2024-05-31 14:00:00+00:00
261,Buy,10066.488100000011,190.08,2024-05-31 15:00:00+00:00
262,Buy,10064.95810000001,189.91,2024-05-31 16:00:00+00:00
263,Buy,10065.738100000011,189.97,2024-05-31 17:00:00+00:00
264,Buy,10071.498100000012,190.33,2024-05-31 18:00:00+00:00
265,Sell,10077.388100000011,190.64,2024-05-31 19:00:00+00:00
266,Buy,10077.388100000011,192.25,2024-05-31 21:00:00+00:00
267,Buy,10077.388100000011,192.25,2024-05-31 22:00:00+00:00
268,Buy,10078.91810000001,192.42,2024-05-31 23:00:00+00:00
269,Buy,10079.30810000001,192.45,2024-06-03 08:00:00+00:00
270,Buy,10086.82810000001,192.92,2024-06-03 09:00:00+00:00
271,Buy,10084.35810000001,192.79,2024-06-03 10:00:00+00:00
272,Buy,10080.61810000001,192.62,2024-06-03 11:00:00+00:00
273,Sell,10059.36810000001,191.77,2024-06-03 12:00:00+00:00
274,Buy,10059.36810000001,192.48,2024-06-03 13:00:00+00:00
275,Buy,10066.518100000012,193.91,2024-06-03 14:00:00+00:00
276,Buy,10063.54810000001,193.58,2024-06-03 15:00:00+00:00
277,Buy,10054.968100000011,192.92,2024-06-03 16:00:00+00:00
278,Buy,10053.68810000001,192.84,2024-06-03 17:00:00+00:00
279,Sell,10055.020000000011,192.9101,2024-06-03 18:00:00+00:00
280,Buy,10055.020000000011,194.03,2024-06-03 22:00:00+00:00
281,Buy,10055.020000000011,194.03,2024-06-03 23:00:00+00:00
282,Buy,10048.540000000012,193.31,2024-06-04 08:00:00+00:00
283,Sell,10044.770000000011,193.02,2024-06-04 09:00:00+00:00
284,Buy,10044.770000000011,193.03,2024-06-04 10:00:00+00:00
285,Buy,10046.620000000012,193.4,2024-06-04 11:00:00+00:00
286,Buy,10045.720900000011,193.3001,2024-06-04 12:00:00+00:00
287,Buy,10042.264200000012,193.0342,2024-06-04 13:00:00+00:00
288,Buy,10042.997000000012,193.08,2024-06-04 14:00:00+00:00
289,Sell,10055.062000000013,193.715,2024-06-04 15:00:00+00:00
290,Buy,10055.062000000013,193.845,2024-06-04 16:00:00+00:00
291,Buy,10057.737000000012,194.38,2024-06-04 17:00:00+00:00
292,Buy,10059.164400000012,194.5386,2024-06-04 18:00:00+00:00
293,Sell,10051.25260000001,193.93,2024-06-04 19:00:00+00:00
294,Buy,10051.25260000001,194.26,2024-06-04 21:00:00+00:00
295,Buy,10051.802600000012,194.37,2024-06-04 22:00:00+00:00
296,Buy,10052.972600000012,194.5,2024-06-04 23:00:00+00:00
297,Buy,10055.57260000001,194.7,2024-06-05 08:00:00+00:00
298,Buy,10053.652600000012,194.58,2024-06-05 09:00:00+00:00
299,Buy,10054.222600000012,194.61,2024-06-05 10:00:00+00:00
300,Buy,10056.202600000011,194.7,2024-06-05 11:00:00+00:00
301,Buy,10055.429800000013,194.6678,2024-06-05 12:00:00+00:00
302,Buy,10060.687000000013,194.87,2024-06-05 13:00:00+00:00
303,Buy,10064.60700000001,195.01,2024-06-05 14:00:00+00:00
304,Buy,10070.157000000012,195.195,2024-06-05 15:00:00+00:00
305,Buy,10090.15700000001,195.82,2024-06-05 16:00:00+00:00
306,Buy,10082.567000000012,195.59,2024-06-05 17:00:00+00:00
307,Buy,10090.727000000012,195.83,2024-06-05 18:00:00+00:00
308,Sell,10083.377000000011,195.62,2024-06-05 19:00:00+00:00
309,Buy,10083.377000000011,195.36,2024-06-05 21:00:00+00:00
310,Buy,10083.277000000011,195.34,2024-06-05 22:00:00+00:00
311,Buy,10084.26700000001,195.45,2024-06-05 23:00:00+00:00
312,Buy,10086.867000000011,195.65,2024-06-06 08:00:00+00:00
313,Buy,10087.66700000001,195.7,2024-06-06 09:00:00+00:00
314,Buy,10089.377000000011,195.79,2024-06-06 10:00:00+00:00
315,Buy,10085.85700000001,195.63,2024-06-06 11:00:00+00:00
316,Buy,10085.13700000001,195.6,2024-06-06 12:00:00+00:00
317,Sell,10074.217000000011,195.18,2024-06-06 13:00:00+00:00
318,Buy,10074.217000000011,195.44,2024-06-06 14:00:00+00:00
319,Buy,10074.067000000012,195.41,2024-06-06 15:00:00+00:00
320,Buy,10074.268600000012,195.4324,2024-06-06 16:00:00+00:00
321,Buy,10074.367400000012,195.44,2024-06-06 17:00:00+00:00
322,Buy,10066.527400000012,194.95,2024-06-06 18:00:00+00:00
323,Sell,10051.707400000012,194.17,2024-06-06 19:00:00+00:00
324,Buy,10051.707400000012,194.35,2024-06-06 21:00:00+00:00
325,Buy,10051.957400000012,194.4,2024-06-06 22:00:00+00:00
326,Buy,10052.947400000012,194.51,2024-06-06 23:00:00+00:00
327,Buy,10055.417400000013,194.7,2024-06-07 08:00:00+00:00
328,Buy,10055.417400000011,194.7,2024-06-07 09:00:00+00:00
329,Buy,10058.077400000013,194.84,2024-06-07 10:00:00+00:00
330,Buy,10055.657400000011,194.73,2024-06-07 11:00:00+00:00
331,Buy,10024.937400000012,193.45,2024-06-07 12:00:00+00:00
332,Buy,10028.837400000011,193.6,2024-06-07 13:00:00+00:00
333,Buy,10056.277400000014,194.58,2024-06-07 14:00:00+00:00
334,Buy,10066.177400000011,194.91,2024-06-07 15:00:00+00:00
335,Buy,10089.217400000012,195.63,2024-06-07 16:00:00+00:00
336,Buy,10100.107400000012,195.96,2024-06-07 17:00:00+00:00
337,Buy,10087.187400000012,195.58,2024-06-07 18:00:00+00:00
338,Sell,10093.837400000013,195.77,2024-06-07 19:00:00+00:00
339,Buy,10093.837400000013,196.7703,2024-06-07 20:00:00+00:00
340,Buy,10092.635900000012,196.53,2024-06-07 21:00:00+00:00
341,Buy,10093.778000000013,196.6569,2024-06-07 22:00:00+00:00
342,Buy,10094.33830000001,196.7,2024-06-07 23:00:00+00:00
343,Buy,10099.138300000011,197.0,2024-06-10 08:00:00+00:00
344,Buy,10104.648300000012,197.29,2024-06-10 09:00:00+00:00
345,Buy,10101.348300000012,197.14,2024-06-10 10:00:00+00:00
346,Buy,10103.988300000012,197.25,2024-06-10 11:00:00+00:00
347,Buy,10102.948300000011,197.21,2024-06-10 12:00:00+00:00
348,Buy,10044.428300000012,195.12,2024-06-10 13:00:00+00:00
349,Buy,10035.728300000013,194.83,2024-06-10 14:00:00+00:00
350,Buy,10043.408300000012,195.07,2024-06-10 15:00:00+00:00
351,Buy,10043.738300000012,195.08,2024-06-10 16:00:00+00:00
352,Buy,9986.618300000013,193.4,2024-06-10 17:00:00+00:00
353,Buy,9942.868300000013,192.15,2024-06-10 18:00:00+00:00
354,Sell,9947.908300000012,192.29,2024-06-10 19:00:00+00:00
355,Buy,9947.908300000012,192.2206,2024-06-10 20:00:00+00:00
356,Buy,9947.905300000013,192.22,2024-06-10 21:00:00+00:00
357,Buy,9948.265300000014,192.26,2024-06-10 22:00:00+00:00
358,Buy,9947.745300000013,192.22,2024-06-10 23:00:00+00:00
359,Buy,9939.105300000014,191.68,2024-06-11 08:00:00+00:00
360,Sell,9935.305300000015,191.48,2024-06-11 09:00:00+00:00
361,Buy,9935.305300000015,191.74,2024-06-11 10:00:00+00:00
362,Buy,9937.105300000014,192.1,2024-06-11 11:00:00+00:00
363,Buy,9929.725300000015,191.28,2024-06-11 12:00:00+00:00
364,Sell,9952.085300000013,193.0,2024-06-11 13:00:00+00:00
365,Buy,9952.085300000013,198.87,2024-06-11 14:00:00+00:00
366,Buy,9968.985300000013,202.25,2024-06-11 15:00:00+00:00
367,Buy,9979.785300000012,203.45,2024-06-11 16:00:00+00:00
368,Buy,9992.655300000013,204.44,2024-06-11 17:00:00+00:00
369,Buy,9992.655300000013,204.44,2024-06-11 18:00:00+00:00
370,Sell,9997.595300000014,204.7,2024-06-11 19:00:00+00:00
371,Buy,9997.595300000015,207.01,2024-06-11 21:00:00+00:00
372,Buy,9995.995300000013,206.61,2024-06-11 22:00:00+00:00
373,Sell,9995.195300000014,206.51,2024-06-11 23:00:00+00:00
374,Buy,9995.195300000014,205.81,2024-06-12 10:00:00+00:00
375,Buy,9995.875300000014,205.98,2024-06-12 11:00:00+00:00
376,Buy,9992.035300000014,205.5,2024-06-12 12:00:00+00:00
377,Buy,9996.235300000015,205.85,2024-06-12 13:00:00+00:00
378,Buy,10121.635300000014,214.21,2024-06-12 14:00:00+00:00
379,Buy,10157.095300000015,216.18,2024-06-12 15:00:00+00:00
380,Buy,10130.715300000014,214.861,2024-06-12 16:00:00+00:00
381,Sell,10144.993300000013,215.51,2024-06-12 17:00:00+00:00
382,Buy,10144.993300000013,213.0505,2024-06-12 23:00:00+00:00
383,Buy,10147.631300000014,213.71,2024-06-13 08:00:00+00:00
384,Sell,10142.511300000013,213.07,2024-06-13 09:00:00+00:00
385,Buy,10142.511300000013,212.49,2024-06-13 11:00:00+00:00
386,Buy,10142.391300000014,212.46,2024-06-13 12:00:00+00:00
387,Buy,10149.111300000015,213.3,2024-06-13 13:00:00+00:00
388,Sell,10143.831300000014,212.82,2024-06-13 14:00:00+00:00
389,Buy,10143.831300000014,212.17,2024-06-13 15:00:00+00:00
390,Sell,10141.551300000014,211.6,2024-06-13 16:00:00+00:00
391,Buy,10141.551300000014,213.22,2024-06-13 19:00:00+00:00
392,Buy,10144.951300000013,214.07,2024-06-13 20:00:00+00:00
393,Buy,10146.311300000014,214.24,2024-06-13 21:00:00+00:00
394,Buy,10146.201300000013,214.23,2024-06-13 22:00:00+00:00
395,Buy,10143.545500000015,214.0403,2024-06-13 23:00:00+00:00
396,Buy,10139.630400000013,213.81,2024-06-14 08:00:00+00:00
397,Buy,10135.230400000015,213.59,2024-06-14 09:00:00+00:00
398,Sell,10117.850400000014,212.8,2024-06-14 10:00:00+00:00
399,Buy,10117.850400000014,212.75,2024-06-14 11:00:00+00:00
400,Sell,10117.850400000014,212.75,2024-06-14 12:00:00+00:00
401,Buy,10117.850400000014,212.62,2024-06-14 14:00:00+00:00
402,Buy,10117.170400000015,212.45,2024-06-14 15:00:00+00:00
403,Sell,10107.970400000015,211.3,2024-06-14 16:00:00+00:00
404,Buy,10107.970400000015,211.35,2024-06-14 17:00:00+00:00
405,Sell,10109.290400000014,211.68,2024-06-14 18:00:00+00:00
406,Buy,10109.290400000014,212.46,2024-06-14 21:00:00+00:00
407,Buy,10109.410400000013,212.49,2024-06-14 22:00:00+00:00
408,Sell,10108.450400000012,212.37,2024-06-14 23:00:00+00:00
409,Buy,10108.450400000012,212.62,2024-06-17 08:00:00+00:00
410,Sell,10112.770400000012,213.7,2024-06-17 09:00:00+00:00
411,Buy,10112.770400000012,213.65,2024-06-17 10:00:00+00:00
412,Buy,10112.770400000012,213.65,2024-06-17 11:00:00+00:00
413,Buy,10103.010400000012,212.43,2024-06-17 12:00:00+00:00
414,Buy,10106.200400000012,212.72,2024-06-17 13:00:00+00:00
415,Buy,10117.540400000013,213.53,2024-06-17 14:00:00+00:00
416,Sell,10156.470400000011,215.82,2024-06-17 15:00:00+00:00
417,Buy,10156.470400000011,216.13,2024-06-17 16:00:00+00:00
418,Buy,10159.15040000001,216.8,2024-06-17 17:00:00+00:00
419,Sell,10167.71040000001,217.87,2024-06-17 18:00:00+00:00
420,Buy,10167.71040000001,216.56,2024-06-17 21:00:00+00:00
421,Sell,10168.150400000011,216.67,2024-06-17 22:00:00+00:00
422,Buy,10168.150400000011,216.67,2024-06-17 23:00:00+00:00
423,Buy,10161.470400000011,215.0,2024-06-18 08:00:00+00:00
424,Buy,10176.910400000012,216.93,2024-06-18 09:00:00+00:00
425,Buy,10184.500400000012,217.62,2024-06-18 10:00:00+00:00
426,Buy,10181.140400000011,217.38,2024-06-18 11:00:00+00:00
427,Buy,10168.050400000011,216.61,2024-06-18 12:00:00+00:00
428,Sell,10128.340400000012,214.52,2024-06-18 13:00:00+00:00
429,Buy,10128.340400000012,213.0,2024-06-18 16:00:00+00:00
430,Buy,10129.980400000013,213.41,2024-06-18 17:00:00+00:00
431,Buy,10127.220400000013,213.065,2024-06-18 18:00:00+00:00
432,Sell,10135.415400000013,213.81,2024-06-18 19:00:00+00:00
433,Buy,10135.415400000013,214.06,2024-06-18 21:00:00+00:00
434,Buy,10135.179800000013,214.0011,2024-06-18 22:00:00+00:00
435,Buy,10135.171000000013,214.0,2024-06-18 23:00:00+00:00
436,Sell,10137.261000000013,214.19,2024-06-20 08:00:00+00:00
437,Buy,10137.261000000013,213.5,2024-06-20 11:00:00+00:00
438,Buy,10136.061000000014,213.2,2024-06-20 12:00:00+00:00
439,Buy,10128.621000000014,212.27,2024-06-20 13:00:00+00:00
440,Buy,10104.751000000013,210.1,2024-06-20 14:00:00+00:00
441,Buy,10095.231000000013,209.42,2024-06-20 15:00:00+00:00
442,Buy,10093.539500000014,209.3205,2024-06-20 16:00:00+00:00
443,Buy,10089.729500000012,209.13,2024-06-20 17:00:00+00:00
444,Buy,10096.329500000013,209.43,2024-06-20 18:00:00+00:00
445,Sell,10082.409500000012,208.85,2024-06-20 19:00:00+00:00
446,Buy,10082.409500000012,209.5,2024-06-20 21:00:00+00:00
447,Buy,10082.449500000012,209.51,2024-06-20 22:00:00+00:00
448,Buy,10084.369500000012,209.75,2024-06-20 23:00:00+00:00
449,Buy,10071.40950000001,208.67,2024-06-21 08:00:00+00:00
450,Buy,10072.609500000011,208.75,2024-06-21 09:00:00+00:00
451,Buy,10078.729500000012,209.09,2024-06-21 10:00:00+00:00
452,Sell,10098.049500000012,210.01,2024-06-21 11:00:00+00:00
453,Buy,10098.049500000012,209.0502,2024-06-21 12:00:00+00:00
454,Buy,10099.848700000011,209.5,2024-06-21 13:00:00+00:00
455,Buy,10100.488700000013,209.58,2024-06-21 14:00:00+00:00
456,Buy,10113.088700000011,210.63,2024-06-21 15:00:00+00:00
457,Buy,10101.38870000001,209.85,2024-06-21 16:00:00+00:00
458,Buy,10102.468700000012,209.91,2024-06-21 17:00:00+00:00
459,Buy,10103.728700000012,209.97,2024-06-21 18:00:00+00:00
460,Sell,10037.948700000012,207.11,2024-06-21 19:00:00+00:00
461,Buy,10037.948700000012,207.47,2024-06-21 21:00:00+00:00
462,Buy,10037.668700000013,207.4,2024-06-21 22:00:00+00:00
463,Buy,10035.90870000001,207.18,2024-06-21 23:00:00+00:00
464,Buy,10038.548700000012,207.4,2024-06-24 08:00:00+00:00
465,Buy,10031.198700000012,206.91,2024-06-24 09:00:00+00:00
466,Buy,10034.618700000012,207.1,2024-06-24 10:00:00+00:00
467,Buy,10040.918700000013,207.4,2024-06-24 11:00:00+00:00
468,Buy,10038.848700000013,207.31,2024-06-24 12:00:00+00:00
469,Buy,10020.848700000013,206.59,2024-06-24 13:00:00+00:00
470,Buy,10072.418700000013,208.5,2024-06-24 14:00:00+00:00
471,Buy,10132.216700000012,210.562,2024-06-24 15:00:00+00:00
472,Buy,10101.556700000012,209.54,2024-06-24 16:00:00+00:00
473,Buy,10090.399800000012,209.1801,2024-06-24 17:00:00+00:00
474,Buy,10069.276600000012,208.52,2024-06-24 18:00:00+00:00
475,Sell,10046.988400000013,207.8446,2024-06-24 19:00:00+00:00
476,Buy,10046.988400000013,208.14,2024-06-24 20:00:00+00:00
477,Buy,10048.628400000012,208.55,2024-06-24 21:00:00+00:00
478,Buy,10045.348400000013,208.14,2024-06-24 22:00:00+00:00
479,Buy,10053.388400000013,208.81,2024-06-24 23:00:00+00:00
480,Buy,10048.888400000013,208.51,2024-06-25 08:00:00+00:00
481,Sell,10050.508400000013,208.6,2024-06-25 09:00:00+00:00
482,Buy,10050.508400000013,209.0,2024-06-25 10:00:00+00:00
483,Buy,10052.508400000013,209.5,2024-06-25 11:00:00+00:00
484,Buy,10047.118000000013,208.8262,2024-06-25 12:00:00+00:00
485,Buy,10044.523600000013,208.61,2024-06-25 13:00:00+00:00
486,Buy,10053.375100000014,209.2001,2024-06-25 14:00:00+00:00
487,Buy,10054.993300000013,209.29,2024-06-25 15:00:00+00:00
488,Buy,10060.138300000013,209.535,2024-06-25 16:00:00+00:00
489,Buy,10056.573300000015,209.38,2024-06-25 17:00:00+00:00
490,Buy,10069.323300000015,209.89,2024-06-25 18:00:00+00:00
491,Sell,10040.433300000013,208.82,2024-06-25 19:00:00+00:00
492,Buy,10040.433300000013,209.09,2024-06-25 21:00:00+00:00
493,Buy,10040.353300000012,209.07,2024-06-25 22:00:00+00:00
494,Buy,10040.433300000012,209.08,2024-06-25 23:00:00+00:00
495,Buy,10043.673300000013,209.35,2024-06-26 08:00:00+00:00
496,Buy,10048.923300000013,209.7,2024-06-26 09:00:00+00:00
497,Buy,10045.323300000013,209.5,2024-06-26 10:00:00+00:00
498,Buy,10065.923300000013,210.53,2024-06-26 11:00:00+00:00
499,Buy,10034.683300000012,209.11,2024-06-26 12:00:00+00:00
500,Buy,10063.243300000013,210.3,2024-06-26 13:00:00+00:00
501,Buy,10091.063300000013,211.37,2024-06-26 14:00:00+00:00
502,Buy,10137.543300000012,213.03,2024-06-26 15:00:00+00:00
503,Buy,10144.35830000001,213.265,2024-06-26 16:00:00+00:00
504,Buy,10143.308300000012,213.23,2024-06-26 17:00:00+00:00
505,Buy,10165.473300000012,213.945,2024-06-26 18:00:00+00:00
506,Sell,10126.273300000012,212.72,2024-06-26 19:00:00+00:00
507,Buy,10126.273300000012,212.93,2024-06-26 21:00:00+00:00
508,Buy,10124.553300000012,212.5,2024-06-26 22:00:00+00:00
509,Buy,10125.353300000012,212.6,2024-06-26 23:00:00+00:00
510,Buy,10127.553300000012,212.8,2024-06-27 08:00:00+00:00
511,Sell,10133.013300000011,213.19,2024-06-27 09:00:00+00:00
512,Buy,10133.013300000011,213.84,2024-06-27 10:00:00+00:00
513,Buy,10132.77330000001,213.78,2024-06-27 11:00:00+00:00
514,Buy,10126.53330000001,213.0,2024-06-27 12:00:00+00:00
515,Sell,10134.67330000001,213.74,2024-06-27 13:00:00+00:00
516,Buy,10134.67330000001,212.35,2024-06-27 14:00:00+00:00
517,Sell,10135.55330000001,212.57,2024-06-27 15:00:00+00:00
518,Buy,10135.55330000001,213.56,2024-06-27 17:00:00+00:00
519,Buy,10133.51330000001,213.05,2024-06-27 18:00:00+00:00
520,Sell,10134.23330000001,213.14,2024-06-27 19:00:00+00:00
521,Buy,10134.23330000001,214.12,2024-06-27 22:00:00+00:00
522,Buy,10135.353300000012,214.4,2024-06-27 23:00:00+00:00
523,Buy,10133.113300000012,214.12,2024-06-28 08:00:00+00:00
524,Buy,10139.273300000012,214.68,2024-06-28 09:00:00+00:00
525,Buy,10157.193300000012,215.96,2024-06-28 10:00:00+00:00
526,Buy,10149.37330000001,215.5,2024-06-28 11:00:00+00:00
527,Sell,10133.173300000011,214.69,2024-06-28 12:00:00+00:00
528,Buy,10133.173300000011,213.5703,2024-06-28 13:00:00+00:00
529,Buy,10134.612100000013,213.93,2024-06-28 14:00:00+00:00
530,Buy,10133.332100000012,213.77,2024-06-28 15:00:00+00:00
531,Sell,10127.832100000012,213.27,2024-06-28 16:00:00+00:00
532,Buy,10127.832100000012,213.62,2024-06-28 17:00:00+00:00
533,Sell,10125.672100000013,213.08,2024-06-28 18:00:00+00:00
534,Buy,10125.672100000013,210.62,2024-06-28 21:00:00+00:00
535,Buy,10127.712500000014,211.1301,2024-06-28 22:00:00+00:00
536,Buy,10127.468500000014,211.0996,2024-06-28 23:00:00+00:00
537,Buy,10126.812900000014,211.04,2024-07-01 08:00:00+00:00
538,Buy,10119.252900000014,210.5,2024-07-01 09:00:00+00:00
539,Buy,10130.302900000013,211.15,2024-07-01 10:00:00+00:00
540,Buy,10130.102900000013,211.14,2024-07-01 11:00:00+00:00
541,Buy,10118.662900000014,210.62,2024-07-01 12:00:00+00:00
542,Buy,10137.382900000015,211.4,2024-07-01 13:00:00+00:00
543,Buy,10173.262900000012,212.78,2024-07-01 14:00:00+00:00
544,Buy,10216.942900000013,214.34,2024-07-01 15:00:00+00:00
545,Buy,10245.652900000014,215.33,2024-07-01 16:00:00+00:00
546,Sell,10275.352900000013,216.32,2024-07-01 17:00:00+00:00
547,Buy,10275.352900000013,215.41,2024-07-01 18:00:00+00:00
548,Sell,10274.272900000013,215.14,2024-07-01 19:00:00+00:00
549,Buy,10274.272900000013,216.8006,2024-07-01 22:00:00+00:00
550,Buy,10273.230500000012,216.54,2024-07-01 23:00:00+00:00
551,Buy,10268.830500000013,215.99,2024-07-02 08:00:00+00:00
552,Sell,10264.210500000012,215.57,2024-07-02 09:00:00+00:00
553,Buy,10264.210500000012,215.89,2024-07-02 10:00:00+00:00
554,Buy,10262.650500000012,215.5,2024-07-02 11:00:00+00:00
555,Buy,10262.730500000012,215.51,2024-07-02 12:00:00+00:00
556,Buy,10258.220500000012,215.1,2024-07-02 13:00:00+00:00
557,Buy,10294.200500000012,217.67,2024-07-02 14:00:00+00:00
558,Buy,10316.640500000012,218.99,2024-07-02 15:00:00+00:00
559,Buy,10312.040500000012,218.76,2024-07-02 16:00:00+00:00
560,Buy,10313.598100000014,218.8308,2024-07-02 17:00:00+00:00
561,Buy,10328.938900000012,219.47,2024-07-02 18:00:00+00:00
562,Sell,10326.078900000013,219.36,2024-07-02 19:00:00+00:00
563,Buy,10326.078900000013,219.43,2024-07-02 21:00:00+00:00
564,Buy,10326.398900000013,219.51,2024-07-02 22:00:00+00:00
565,Sell,10325.118900000012,219.35,2024-07-02 23:00:00+00:00
566,Buy,10325.118900000012,219.53,2024-07-03 08:00:00+00:00
567,Sell,10324.958900000012,219.49,2024-07-03 09:00:00+00:00
568,Buy,10324.958900000012,219.53,2024-07-03 10:00:00+00:00
569,Buy,10323.678900000012,219.21,2024-07-03 11:00:00+00:00
570,Buy,10323.678900000012,219.21,2024-07-03 12:00:00+00:00
571,Buy,10324.668900000011,219.3,2024-07-03 13:00:00+00:00
572,Buy,10320.88890000001,219.03,2024-07-03 14:00:00+00:00
573,Buy,10333.46890000001,219.77,2024-07-03 15:00:00+00:00
574,Buy,10344.46890000001,220.32,2024-07-03 16:00:00+00:00
575,Buy,10353.06650000001,220.7108,2024-07-03 17:00:00+00:00
576,Buy,10354.00730000001,220.75,2024-07-03 18:00:00+00:00
577,Sell,10352.44730000001,220.69,2024-07-03 19:00:00+00:00
578,Buy,10352.44730000001,221.34,2024-07-05 09:00:00+00:00
579,Sell,10352.28730000001,221.3,2024-07-05 10:00:00+00:00
580,Buy,10352.28730000001,221.2,2024-07-05 13:00:00+00:00
581,Buy,10362.807300000011,223.83,2024-07-05 14:00:00+00:00
582,Buy,10365.407300000012,224.155,2024-07-05 15:00:00+00:00
583,Buy,10371.732300000012,224.73,2024-07-05 16:00:00+00:00
584,Buy,10373.972300000012,224.89,2024-07-05 17:00:00+00:00
585,Buy,10375.502300000011,224.98,2024-07-05 18:00:00+00:00
586,Buy,10380.062300000012,225.22,2024-07-05 19:00:00+00:00
587,Buy,10400.642300000012,226.2,2024-07-05 20:00:00+00:00
588,Buy,10400.642300000014,226.2,2024-07-05 21:00:00+00:00
589,Sell,10403.142300000014,226.3,2024-07-05 22:00:00+00:00
590,Buy,10403.142300000014,226.31,2024-07-05 23:00:00+00:00
591,Sell,10404.342300000015,226.61,2024-07-08 08:00:00+00:00
592,Buy,10404.342300000015,227.13,2024-07-08 09:00:00+00:00
593,Sell,10404.102300000015,227.07,2024-07-08 10:00:00+00:00
594,Buy,10404.102300000015,225.775,2024-07-08 12:00:00+00:00
595,Buy,10394.602300000015,223.4,2024-07-08 13:00:00+00:00
596,Buy,10393.402300000014,223.25,2024-07-08 14:00:00+00:00
597,Buy,10417.053400000013,225.4001,2024-07-08 15:00:00+00:00
598,Buy,10422.512000000013,225.79,2024-07-08 16:00:00+00:00
599,Buy,10430.502000000015,226.26,2024-07-08 17:00:00+00:00
600,Buy,10433.162000000015,226.4,2024-07-08 18:00:00+00:00
601,Sell,10439.987000000014,226.725,2024-07-08 19:00:00+00:00
602,Buy,10439.987000000014,227.54,2024-07-08 21:00:00+00:00
603,Buy,10441.067000000014,227.81,2024-07-08 22:00:00+00:00
604,Buy,10441.627000000013,227.88,2024-07-08 23:00:00+00:00
605,Buy,10436.677000000014,227.43,2024-07-09 08:00:00+00:00
606,Buy,10435.977000000014,227.38,2024-07-09 09:00:00+00:00
607,Sell,10439.207000000013,227.57,2024-07-09 10:00:00+00:00
608,Buy,10439.207000000013,227.5,2024-07-09 11:00:00+00:00
609,Buy,10439.047000000013,227.46,2024-07-09 12:00:00+00:00
610,Buy,10430.343800000013,226.3721,2024-07-09 13:00:00+00:00
611,Buy,10440.550700000014,227.3,2024-07-09 14:00:00+00:00
612,Buy,10442.860700000014,227.465,2024-07-09 15:00:00+00:00
613,Buy,10447.025700000013,227.71,2024-07-09 16:00:00+00:00
614,Buy,10449.685700000013,227.85,2024-07-09 17:00:00+00:00
615,Buy,10450.315700000014,227.88,2024-07-09 18:00:00+00:00
616,Sell,10456.755700000012,228.16,2024-07-09 19:00:00+00:00
617,Buy,10456.755700000012,228.6285,2024-07-09 22:00:00+00:00
618,Sell,10457.641700000013,228.85,2024-07-09 23:00:00+00:00
619,Buy,10457.641700000013,228.65,2024-07-10 08:00:00+00:00
620,Sell,10459.361700000012,229.08,2024-07-10 09:00:00+00:00
621,Buy,10459.361700000012,229.12,2024-07-10 10:00:00+00:00
622,Buy,10460.481700000013,229.4,2024-07-10 11:00:00+00:00
623,Buy,10455.921700000014,228.83,2024-07-10 12:00:00+00:00
624,Buy,10457.791700000012,229.0,2024-07-10 13:00:00+00:00
625,Buy,10474.171700000012,230.17,2024-07-10 14:00:00+00:00
626,Buy,10473.066700000012,230.105,2024-07-10 15:00:00+00:00
627,Buy,10488.741700000013,230.93,2024-07-10 16:00:00+00:00
628,Buy,10484.121700000012,230.71,2024-07-10 17:00:00+00:00
629,Sell,10504.824000000011,231.6101,2024-07-10 18:00:00+00:00
630,Buy,10504.824000000011,232.5,2024-07-10 21:00:00+00:00
631,Buy,10504.10400000001,232.32,2024-07-10 22:00:00+00:00
632,Sell,10504.02400000001,232.31,2024-07-10 23:00:00+00:00
633,Buy,10504.02400000001,232.37,2024-07-11 08:00:00+00:00
634,Sell,10505.26400000001,232.68,2024-07-11 09:00:00+00:00
635,Buy,10505.26400000001,232.59,2024-07-11 10:00:00+00:00
636,Buy,10503.46400000001,232.14,2024-07-11 11:00:00+00:00
637,Buy,10500.34400000001,231.75,2024-07-11 12:00:00+00:00
638,Buy,10482.63400000001,230.14,2024-07-11 13:00:00+00:00
639,Buy,10433.63400000001,226.64,2024-07-11 14:00:00+00:00
640,Buy,10418.84400000001,225.77,2024-07-11 15:00:00+00:00
641,Buy,10436.51400000001,226.7,2024-07-11 16:00:00+00:00
642,Sell,10433.99400000001,226.58,2024-07-11 17:00:00+00:00
643,Buy,10433.99400000001,227.57,2024-07-11 21:00:00+00:00
644,Buy,10434.914000000008,227.8,2024-07-11 22:00:00+00:00
645,Sell,10435.074000000008,227.82,2024-07-11 23:00:00+00:00
646,Buy,10435.074000000008,227.29,2024-07-12 08:00:00+00:00
647,Buy,10438.274000000007,228.09,2024-07-12 09:00:00+00:00
648,Buy,10438.914000000008,228.17,2024-07-12 10:00:00+00:00
649,Sell,10435.724000000007,227.88,2024-07-12 11:00:00+00:00
650,Buy,10435.724000000007,227.44,2024-07-12 12:00:00+00:00
651,Buy,10437.315600000007,227.8379,2024-07-12 13:00:00+00:00
652,Buy,10457.012400000007,230.3,2024-07-12 14:00:00+00:00
653,Sell,10462.952400000007,230.84,2024-07-12 15:00:00+00:00
654,Buy,10462.952400000007,230.17,2024-07-12 21:00:00+00:00
655,Buy,10463.032400000007,230.19,2024-07-12 22:00:00+00:00
656,Sell,10463.112400000007,230.2,2024-07-12 23:00:00+00:00
657,Buy,10463.112400000007,232.0,2024-07-15 08:00:00+00:00
658,Buy,10471.432400000007,234.08,2024-07-15 09:00:00+00:00
659,Sell,10477.912400000008,234.89,2024-07-15 10:00:00+00:00
660,Buy,10477.912400000008,231.0,2024-07-15 12:00:00+00:00
661,Buy,10487.232400000008,233.33,2024-07-15 13:00:00+00:00
662,Buy,10493.632400000008,234.13,2024-07-15 14:00:00+00:00
663,Buy,10499.462400000008,234.66,2024-07-15 15:00:00+00:00
664,Buy,10497.222400000008,234.5,2024-07-15 16:00:00+00:00
665,Buy,10490.592400000009,234.11,2024-07-15 17:00:00+00:00
666,Sell,10486.678400000008,233.904,2024-07-15 18:00:00+00:00
667,Buy,10486.678400000008,235.25,2024-07-15 23:00:00+00:00
668,Buy,10483.39840000001,234.43,2024-07-16 08:00:00+00:00
669,Sell,10485.558400000009,234.7,2024-07-16 09:00:00+00:00
670,Buy,10485.558400000009,235.0,2024-07-16 10:00:00+00:00
671,Buy,10485.15840000001,234.9,2024-07-16 11:00:00+00:00
672,Buy,10482.234400000008,234.5345,2024-07-16 12:00:00+00:00
673,Sell,10476.024900000008,233.97,2024-07-16 13:00:00+00:00
674,Buy,10476.024900000008,229.4121,2024-07-17 12:00:00+00:00
675,Buy,10469.976500000008,227.9,2024-07-17 13:00:00+00:00
676,Buy,10459.896500000006,226.64,2024-07-17 14:00:00+00:00
677,Buy,10471.996500000007,227.74,2024-07-17 15:00:00+00:00
678,Sell,10479.416500000007,228.27,2024-07-17 16:00:00+00:00
679,Buy,10479.416500000007,228.97,2024-07-17 22:00:00+00:00
680,Buy,10479.736500000006,229.05,2024-07-17 23:00:00+00:00
681,Buy,10482.056500000006,229.34,2024-07-18 08:00:00+00:00
682,Buy,10486.126500000006,229.71,2024-07-18 09:00:00+00:00
683,Buy,10486.826500000006,229.76,2024-07-18 10:00:00+00:00
684,Buy,10487.506500000007,229.8,2024-07-18 11:00:00+00:00
685,Sell,10470.786500000006,228.92,2024-07-18 12:00:00+00:00
686,Buy,10470.786500000006,226.59,2024-07-18 13:00:00+00:00
687,Buy,10464.946500000005,225.13,2024-07-18 14:00:00+00:00
688,Buy,10442.066500000004,222.27,2024-07-18 15:00:00+00:00
689,Buy,10443.496500000005,222.4,2024-07-18 16:00:00+00:00
690,Buy,10458.476500000004,223.47,2024-07-18 17:00:00+00:00
691,Buy,10470.036500000006,224.15,2024-07-18 18:00:00+00:00
692,Sell,10456.753600000004,223.4509,2024-07-18 19:00:00+00:00
693,Buy,10456.753600000004,223.98,2024-07-18 20:00:00+00:00
694,Sell,10457.553600000003,224.18,2024-07-18 21:00:00+00:00
695,Buy,10457.553600000003,224.85,2024-07-18 22:00:00+00:00
696,Sell,10456.953600000003,224.7,2024-07-18 23:00:00+00:00
697,Buy,10456.953600000003,222.0,2024-07-19 08:00:00+00:00
698,Sell,10460.593600000002,222.91,2024-07-19 09:00:00+00:00
699,Buy,10460.593600000002,224.42,2024-07-19 13:00:00+00:00
700,Buy,10461.393600000003,224.62,2024-07-19 14:00:00+00:00
701,Buy,10452.913600000002,223.56,2024-07-19 15:00:00+00:00
702,Sell,10449.778600000001,223.275,2024-07-19 16:00:00+00:00
703,Buy,10449.778600000001,224.3,2024-07-19 22:00:00+00:00
704,Sell,10449.2986,224.18,2024-07-19 23:00:00+00:00
705,Buy,10449.2986,224.35,2024-07-22 08:00:00+00:00
706,Buy,10453.4986,225.4,2024-07-22 09:00:00+00:00
707,Buy,10455.1786,225.61,2024-07-22 10:00:00+00:00
708,Sell,10462.6586,226.29,2024-07-22 11:00:00+00:00
709,Buy,10462.6586,224.72,2024-07-22 12:00:00+00:00
710,Buy,10466.098600000001,225.58,2024-07-22 13:00:00+00:00
711,Buy,10467.618600000002,225.77,2024-07-22 14:00:00+00:00
712,Sell,10439.568600000002,223.22,2024-07-22 15:00:00+00:00
713,Buy,10439.568600000002,223.09,2024-07-22 16:00:00+00:00
714,Buy,10443.209400000002,224.0002,2024-07-22 17:00:00+00:00
715,Buy,10450.5678,224.92,2024-07-22 18:00:00+00:00
716,Sell,10438.027800000002,223.78,2024-07-22 19:00:00+00:00
717,Buy,10438.027800000003,223.51,2024-07-22 20:00:00+00:00
718,Buy,10439.987800000003,224.0,2024-07-22 21:00:00+00:00
719,Buy,10440.147800000002,224.02,2024-07-22 22:00:00+00:00
720,Buy,10437.727800000002,223.8,2024-07-22 23:00:00+00:00
721,Buy,10427.927800000001,223.1,2024-07-23 08:00:00+00:00
722,Buy,10431.327800000001,223.3,2024-07-23 09:00:00+00:00
723,Buy,10434.177800000001,223.45,2024-07-23 10:00:00+00:00
724,Sell,10441.947800000002,223.82,2024-07-23 11:00:00+00:00
725,Buy,10441.947800000002,223.38,2024-07-23 12:00:00+00:00
726,Buy,10439.147800000002,222.68,2024-07-23 13:00:00+00:00
727,Buy,10449.547800000002,223.98,2024-07-23 14:00:00+00:00
728,Sell,10455.817800000003,224.55,2024-07-23 15:00:00+00:00
729,Buy,10455.817800000003,225.08,2024-07-23 16:00:00+00:00
730,Sell,10453.697800000004,224.55,2024-07-23 17:00:00+00:00
731,Buy,10453.697800000005,224.51,2024-07-23 21:00:00+00:00
732,Buy,10452.428600000005,224.1927,2024-07-23 22:00:00+00:00
733,Sell,10453.111800000004,224.2781,2024-07-23 23:00:00+00:00
734,Buy,10453.111800000004,223.07,2024-07-24 12:00:00+00:00
735,Buy,10443.631800000005,220.7,2024-07-24 13:00:00+00:00
736,Buy,10428.431800000006,218.8,2024-07-24 14:00:00+00:00
737,Buy,10419.851800000004,218.02,2024-07-24 15:00:00+00:00
738,Buy,10407.391800000005,217.13,2024-07-24 16:00:00+00:00
739,Buy,10418.271800000004,217.77,2024-07-24 17:00:00+00:00
740,Sell,10419.071800000003,217.81,2024-07-24 18:00:00+00:00
741,Buy,10419.071800000003,217.86,2024-07-24 22:00:00+00:00
742,Buy,10418.111800000002,217.62,2024-07-24 23:00:00+00:00
743,Buy,10404.671800000004,215.94,2024-07-25 08:00:00+00:00
744,Sell,10408.991800000003,216.3,2024-07-25 09:00:00+00:00
745,Buy,10408.991800000003,216.85,2024-07-25 12:00:00+00:00
746,Buy,10401.831800000004,215.06,2024-07-25 13:00:00+00:00
747,Buy,10398.311800000005,214.62,2024-07-25 14:00:00+00:00
748,Buy,10435.991800000003,217.76,2024-07-25 15:00:00+00:00
749,Buy,10451.719300000004,218.8085,2024-07-25 16:00:00+00:00
750,Buy,10460.026300000005,219.27,2024-07-25 17:00:00+00:00
751,Buy,10447.424300000004,218.6399,2024-07-25 18:00:00+00:00
752,Sell,10418.606500000005,217.33,2024-07-25 19:00:00+00:00
753,Buy,10418.606500000005,217.7,2024-07-25 22:00:00+00:00
754,Buy,10418.606500000007,217.7,2024-07-25 23:00:00+00:00
755,Buy,10427.486500000006,218.81,2024-07-26 08:00:00+00:00
756,Buy,10435.076500000006,219.5,2024-07-26 09:00:00+00:00
757,Buy,10430.876500000006,219.2,2024-07-26 10:00:00+00:00
758,Buy,10428.496500000005,219.06,2024-07-26 11:00:00+00:00
759,Buy,10417.496500000005,218.51,2024-07-26 12:00:00+00:00
760,Buy,10368.436500000005,216.28,2024-07-26 13:00:00+00:00
761,Buy,10361.956500000006,216.01,2024-07-26 14:00:00+00:00
762,Buy,10397.839100000005,217.3901,2024-07-26 15:00:00+00:00
763,Buy,10426.984300000006,218.431,2024-07-26 16:00:00+00:00
764,Sell,10405.205300000005,217.68,2024-07-26 17:00:00+00:00
765,Buy,10405.205300000005,217.56,2024-07-26 18:00:00+00:00
766,Sell,10403.485300000006,217.13,2024-07-26 19:00:00+00:00
767,Buy,10403.485300000006,217.75,2024-07-26 20:00:00+00:00
768,Buy,10403.645300000006,217.79,2024-07-26 21:00:00+00:00
769,Buy,10403.725300000006,217.8,2024-07-26 22:00:00+00:00
770,Sell,10403.725300000006,217.8,2024-07-26 23:00:00+00:00
771,Buy,10403.725300000006,218.11,2024-07-29 08:00:00+00:00
772,Buy,10404.485300000004,218.3,2024-07-29 09:00:00+00:00
773,Sell,10393.045300000005,216.87,2024-07-29 10:00:00+00:00
774,Buy,10393.045300000005,217.0,2024-07-29 12:00:00+00:00
775,Buy,10388.045300000005,215.75,2024-07-29 13:00:00+00:00
776,Buy,10401.605300000005,217.445,2024-07-29 14:00:00+00:00
777,Sell,10391.320300000005,216.51,2024-07-29 15:00:00+00:00
778,Buy,10391.320300000005,218.12,2024-07-29 22:00:00+00:00
779,Buy,10386.985900000005,217.0364,2024-07-29 23:00:00+00:00
780,Sell,10398.054700000006,218.42,2024-07-30 08:00:00+00:00
781,Buy,10398.054700000006,217.65,2024-07-30 12:00:00+00:00
782,Buy,10401.694700000005,218.56,2024-07-30 13:00:00+00:00
783,Buy,10397.534700000006,218.04,2024-07-30 14:00:00+00:00
784,Sell,10378.724700000006,216.33,2024-07-30 15:00:00+00:00
785,Buy,10378.724700000006,216.12,2024-07-30 17:00:00+00:00
786,Buy,10384.564700000006,217.58,2024-07-30 18:00:00+00:00
787,Sell,10387.724700000006,217.975,2024-07-30 19:00:00+00:00
788,Buy,10387.724700000006,217.05,2024-07-30 22:00:00+00:00
789,Buy,10388.964700000004,217.36,2024-07-30 23:00:00+00:00
790,Buy,10404.404700000005,219.29,2024-07-31 08:00:00+00:00
791,Sell,10412.434700000005,220.02,2024-07-31 09:00:00+00:00
792,Buy,10412.434700000005,219.95,2024-07-31 10:00:00+00:00
793,Sell,10412.674700000007,220.01,2024-07-31 11:00:00+00:00
794,Buy,10412.674700000007,218.7,2024-07-31 12:00:00+00:00
795,Buy,10420.394700000008,220.63,2024-07-31 13:00:00+00:00
796,Buy,10429.994700000007,221.83,2024-07-31 14:00:00+00:00
797,Sell,10435.164700000008,222.3,2024-07-31 15:00:00+00:00
798,Buy,10435.164700000008,221.31,2024-07-31 17:00:00+00:00
799,Buy,10437.604700000009,221.92,2024-07-31 18:00:00+00:00
800,Sell,10432.524700000009,221.285,2024-07-31 19:00:00+00:00
801,Buy,10432.524700000009,222.08,2024-07-31 22:00:00+00:00
802,Buy,10436.477500000008,223.0682,2024-07-31 23:00:00+00:00
803,Buy,10433.531900000009,222.7,2024-08-01 08:00:00+00:00
804,Buy,10439.691900000009,223.26,2024-08-01 09:00:00+00:00
805,Buy,10444.451900000007,223.6,2024-08-01 10:00:00+00:00
806,Buy,10450.741900000008,223.97,2024-08-01 11:00:00+00:00
807,Buy,10441.811900000008,223.5,2024-08-01 12:00:00+00:00
808,Buy,10422.07190000001,222.56,2024-08-01 13:00:00+00:00
809,Buy,10371.248800000008,220.3503,2024-08-01 14:00:00+00:00
810,Buy,10342.741300000009,219.21,2024-08-01 15:00:00+00:00
811,Buy,10322.35630000001,218.455,2024-08-01 16:00:00+00:00
812,Buy,10285.671300000009,217.19,2024-08-01 17:00:00+00:00
813,Sell,10280.571300000009,217.02,2024-08-01 18:00:00+00:00
814,Buy,10280.571300000009,218.36,2024-08-01 22:00:00+00:00
815,Sell,10283.131300000008,219.0,2024-08-01 23:00:00+00:00
816,Buy,10283.131300000008,216.55,2024-08-02 08:00:00+00:00
817,Buy,10287.331300000007,217.6,2024-08-02 09:00:00+00:00
818,Buy,10286.611300000008,217.51,2024-08-02 10:00:00+00:00
819,Sell,10284.081300000009,217.28,2024-08-02 11:00:00+00:00
820,Buy,10284.081300000009,214.0,2024-08-02 12:00:00+00:00
821,Sell,10282.881300000008,213.7,2024-08-02 13:00:00+00:00
822,Buy,10282.881300000008,220.67,2024-08-02 14:00:00+00:00
823,Buy,10285.841700000008,221.4101,2024-08-02 15:00:00+00:00
824,Buy,10296.400900000008,222.73,2024-08-02 16:00:00+00:00
825,Buy,10302.670900000008,223.3,2024-08-02 17:00:00+00:00
826,Sell,10283.210900000007,221.91,2024-08-02 18:00:00+00:00
827,Buy,10283.210900000007,219.35,2024-08-02 22:00:00+00:00
828,Buy,10282.410900000008,219.15,2024-08-02 23:00:00+00:00
829,Buy,10145.210900000007,202.0,2024-08-05 08:00:00+00:00
830,Buy,10126.970900000008,200.48,2024-08-05 09:00:00+00:00
831,Buy,10120.520900000007,200.05,2024-08-05 10:00:00+00:00
832,Buy,10164.620900000007,202.5,2024-08-05 11:00:00+00:00
833,Buy,10038.830900000008,196.51,2024-08-05 12:00:00+00:00
834,Buy,10026.590900000007,196.0,2024-08-05 13:00:00+00:00
835,Buy,10330.790900000007,207.7,2024-08-05 14:00:00+00:00
836,Buy,10359.910900000008,208.74,2024-08-05 15:00:00+00:00
837,Buy,10389.310900000008,209.72,2024-08-05 16:00:00+00:00
838,Sell,10395.200900000007,209.91,2024-08-05 17:00:00+00:00
839,Buy,10395.200900000007,210.26,2024-08-05 22:00:00+00:00
840,Sell,10395.960900000005,210.45,2024-08-05 23:00:00+00:00
841,Buy,10395.960900000005,210.01,2024-08-06 08:00:00+00:00
842,Buy,10388.840900000005,208.23,2024-08-06 09:00:00+00:00
843,Buy,10385.800900000006,207.85,2024-08-06 10:00:00+00:00
844,Buy,10378.000900000005,207.2,2024-08-06 11:00:00+00:00
845,Buy,10349.500900000005,205.3,2024-08-06 12:00:00+00:00
846,Buy,10273.360900000005,201.07,2024-08-06 13:00:00+00:00
847,Buy,10301.920900000005,202.43,2024-08-06 14:00:00+00:00
848,Buy,10384.720900000004,206.03,2024-08-06 15:00:00+00:00
849,Buy,10440.720900000004,208.27,2024-08-06 16:00:00+00:00
850,Buy,10442.340900000007,208.33,2024-08-06 17:00:00+00:00
851,Sell,10424.215900000007,207.705,2024-08-06 18:00:00+00:00
852,Buy,10424.215900000007,206.4,2024-08-06 19:00:00+00:00
853,Sell,10419.715900000007,205.5,2024-08-06 20:00:00+00:00
854,Buy,10419.715900000007,204.9,2024-08-06 22:00:00+00:00
855,Buy,10420.215900000007,205.0,2024-08-06 23:00:00+00:00
856,Buy,10439.295900000006,207.12,2024-08-07 08:00:00+00:00
857,Sell,10454.765900000008,208.31,2024-08-07 09:00:00+00:00
858,Buy,10454.765900000008,207.6,2024-08-07 12:00:00+00:00
859,Buy,10448.365900000006,206.32,2024-08-07 13:00:00+00:00
860,Buy,10488.775900000008,210.81,2024-08-07 14:00:00+00:00
861,Buy,10503.725900000007,211.96,2024-08-07 15:00:00+00:00
862,Buy,10491.245900000007,211.18,2024-08-07 16:00:00+00:00
863,Buy,10475.475900000007,210.35,2024-08-07 17:00:00+00:00
864,Buy,10443.355900000006,208.89,2024-08-07 18:00:00+00:00
865,Sell,10433.515900000006,208.48,2024-08-07 19:00:00+00:00
866,Buy,10433.515900000006,207.63,2024-08-07 23:00:00+00:00
867,Buy,10440.115900000006,208.95,2024-08-08 08:00:00+00:00
868,Buy,10442.365900000006,209.2,2024-08-08 09:00:00+00:00
869,Buy,10441.845900000006,209.16,2024-08-08 10:00:00+00:00
870,Buy,10445.685900000006,209.4,2024-08-08 11:00:00+00:00
871,Buy,10432.195900000006,208.69,2024-08-08 12:00:00+00:00
872,Buy,10435.275900000008,208.83,2024-08-08 13:00:00+00:00
873,Buy,10475.576700000007,210.5092,2024-08-08 14:00:00+00:00
874,Buy,10490.417500000007,211.08,2024-08-08 15:00:00+00:00
875,Buy,10522.687500000007,212.2325,2024-08-08 16:00:00+00:00
876,Buy,10534.615500000007,212.6301,2024-08-08 17:00:00+00:00
877,Buy,10533.682400000007,212.6,2024-08-08 18:00:00+00:00
878,Sell,10510.322400000008,211.87,2024-08-08 19:00:00+00:00
879,Buy,10510.322400000008,213.2304,2024-08-08 21:00:00+00:00
880,Buy,10510.720800000008,213.33,2024-08-08 22:00:00+00:00
881,Sell,10512.080800000009,213.5,2024-08-08 23:00:00+00:00
882,Buy,10512.08080000001,213.26,2024-08-09 08:00:00+00:00
883,Buy,10508.80080000001,212.44,2024-08-09 09:00:00+00:00
884,Sell,10501.840800000009,211.57,2024-08-09 10:00:00+00:00
885,Buy,10501.840800000009,211.0,2024-08-09 11:00:00+00:00
886,Buy,10500.40080000001,210.64,2024-08-09 12:00:00+00:00
887,Buy,10500.88080000001,210.7,2024-08-09 13:00:00+00:00
888,Buy,10520.56080000001,212.34,2024-08-09 14:00:00+00:00
889,Buy,10553.56080000001,214.54,2024-08-09 15:00:00+00:00
890,Buy,10551.22080000001,214.41,2024-08-09 16:00:00+00:00
891,Buy,10568.86080000001,215.25,2024-08-09 17:00:00+00:00
892,Buy,10560.81080000001,214.9,2024-08-09 18:00:00+00:00
893,Sell,10568.56080000001,215.21,2024-08-09 19:00:00+00:00
894,Buy,10568.56080000001,216.11,2024-08-09 22:00:00+00:00
895,Buy,10569.240800000009,216.28,2024-08-09 23:00:00+00:00
896,Sell,10569.400800000009,216.3,2024-08-12 08:00:00+00:00
897,Buy,10569.400800000009,216.75,2024-08-12 09:00:00+00:00
898,Buy,10569.04080000001,216.66,2024-08-12 10:00:00+00:00
899,Buy,10567.120800000008,216.42,2024-08-12 11:00:00+00:00
900,Buy,10567.120800000008,216.42,2024-08-12 12:00:00+00:00
901,Buy,10554.820800000009,215.6,2024-08-12 13:00:00+00:00
902,Buy,10577.860800000008,216.88,2024-08-12 14:00:00+00:00
903,Buy,10583.530800000008,217.15,2024-08-12 15:00:00+00:00
904,Buy,10584.220800000008,217.18,2024-08-12 16:00:00+00:00
905,Buy,10566.470800000008,216.47,2024-08-12 17:00:00+00:00
906,Buy,10568.090800000009,216.53,2024-08-12 18:00:00+00:00
907,Buy,10569.830800000007,216.59,2024-08-12 19:00:00+00:00
908,Buy,10595.630800000008,217.45,2024-08-12 20:00:00+00:00
909,Buy,10597.490800000007,217.51,2024-08-12 21:00:00+00:00
910,Buy,10598.77080000001,217.55,2024-08-12 22:00:00+00:00
911,Buy,10598.110800000008,217.53,2024-08-12 23:00:00+00:00
912,Buy,10615.110800000008,218.03,2024-08-13 08:00:00+00:00
913,Buy,10632.960800000008,218.54,2024-08-13 09:00:00+00:00
914,Buy,10597.680800000007,217.56,2024-08-13 10:00:00+00:00
915,Buy,10608.410800000007,217.85,2024-08-13 11:00:00+00:00
916,Buy,10606.130800000006,217.79,2024-08-13 12:00:00+00:00
917,Sell,10714.160800000009,220.56,2024-08-13 17:00:00+00:00
918,Buy,10714.160800000009,220.71,2024-08-13 18:00:00+00:00
919,Sell,10713.000800000009,220.42,2024-08-13 19:00:00+00:00
920,Buy,10713.000800000009,220.41,2024-08-13 21:00:00+00:00
921,Buy,10713.36080000001,220.5,2024-08-13 22:00:00+00:00
922,Buy,10713.28080000001,220.49,2024-08-13 23:00:00+00:00
923,Sell,10716.64080000001,220.77,2024-08-14 08:00:00+00:00
924,Buy,10716.64080000001,221.12,2024-08-14 09:00:00+00:00
925,Buy,10716.960800000012,221.2,2024-08-14 10:00:00+00:00
926,Buy,10714.960800000012,220.95,2024-08-14 11:00:00+00:00
927,Buy,10707.40080000001,220.32,2024-08-14 12:00:00+00:00
928,Buy,10698.100800000011,219.7,2024-08-14 13:00:00+00:00
929,Buy,10711.690800000011,220.455,2024-08-14 14:00:00+00:00
930,Buy,10735.735800000011,221.6,2024-08-14 15:00:00+00:00
931,Buy,10707.675800000012,220.38,2024-08-14 16:00:00+00:00
932,Buy,10720.175800000012,220.88,2024-08-14 17:00:00+00:00
933,Buy,10720.71580000001,220.9,2024-08-14 18:00:00+00:00
934,Sell,10718.10580000001,220.81,2024-08-14 19:00:00+00:00
935,Buy,10718.10580000001,221.5841,2024-08-14 21:00:00+00:00
936,Buy,10717.771400000009,221.5005,2024-08-14 22:00:00+00:00
937,Buy,10718.487400000009,221.59,2024-08-14 23:00:00+00:00
938,Buy,10721.967400000009,221.88,2024-08-15 08:00:00+00:00
939,Buy,10726.91740000001,222.21,2024-08-15 09:00:00+00:00
940,Sell,10720.25740000001,221.84,2024-08-15 10:00:00+00:00
941,Buy,10720.25740000001,221.76,2024-08-15 11:00:00+00:00
942,Buy,10720.337400000008,221.78,2024-08-15 12:00:00+00:00
943,Buy,10728.177400000008,222.76,2024-08-15 13:00:00+00:00
944,Buy,10742.457400000008,223.95,2024-08-15 14:00:00+00:00
945,Buy,10740.807400000009,223.84,2024-08-15 15:00:00+00:00
946,Buy,10749.987400000009,224.35,2024-08-15 16:00:00+00:00
947,Buy,10747.887400000009,224.245,2024-08-15 17:00:00+00:00
948,Buy,10756.137400000009,224.62,2024-08-15 18:00:00+00:00
949,Sell,10737.537400000008,223.845,2024-08-15 19:00:00+00:00
950,Buy,10737.537400000008,224.61,2024-08-15 21:00:00+00:00
951,Buy,10738.377400000007,224.82,2024-08-15 22:00:00+00:00
952,Buy,10741.017400000006,225.15,2024-08-15 23:00:00+00:00
953,Buy,10742.667400000008,225.3,2024-08-16 08:00:00+00:00
954,Sell,10742.807400000007,225.31,2024-08-16 09:00:00+00:00
955,Buy,10742.807400000007,225.0,2024-08-16 10:00:00+00:00
956,Buy,10742.407400000007,224.9,2024-08-16 11:00:00+00:00
957,Buy,10731.367400000006,223.52,2024-08-16 12:00:00+00:00
958,Buy,10725.607400000006,223.04,2024-08-16 13:00:00+00:00
959,Buy,10739.498900000008,223.9661,2024-08-16 14:00:00+00:00
960,Buy,10740.019100000007,223.995,2024-08-16 15:00:00+00:00
961,Buy,10775.719100000006,225.78,2024-08-16 16:00:00+00:00
962,Buy,10779.679100000007,225.96,2024-08-16 17:00:00+00:00
963,Sell,10771.759100000007,225.63,2024-08-16 18:00:00+00:00
964,Buy,10771.759100000007,226.05,2024-08-16 21:00:00+00:00
965,Buy,10771.481900000006,225.9807,2024-08-16 22:00:00+00:00
966,Buy,10768.436300000007,225.6,2024-08-16 23:00:00+00:00
967,Buy,10764.036300000005,225.2,2024-08-19 08:00:00+00:00
968,Sell,10765.436300000007,225.3,2024-08-19 09:00:00+00:00
969,Buy,10765.436300000007,225.0,2024-08-19 10:00:00+00:00
970,Buy,10766.196300000007,225.19,2024-08-19 11:00:00+00:00
971,Buy,10763.796300000005,224.89,2024-08-19 12:00:00+00:00
972,Buy,10755.282300000006,224.116,2024-08-19 13:00:00+00:00
973,Buy,10740.218300000006,223.04,2024-08-19 14:00:00+00:00
974,Buy,10752.288300000007,223.75,2024-08-19 15:00:00+00:00
975,Buy,10753.288300000007,223.8,2024-08-19 16:00:00+00:00
976,Sell,10752.188300000005,223.75,2024-08-19 17:00:00+00:00
977,Buy,10752.188300000005,225.71,2024-08-19 21:00:00+00:00
978,Buy,10752.543900000006,225.7989,2024-08-19 22:00:00+00:00
979,Buy,10751.631900000006,225.6849,2024-08-19 23:00:00+00:00
980,Buy,10751.688000000006,225.69,2024-08-20 08:00:00+00:00
981,Buy,10753.368000000006,225.81,2024-08-20 09:00:00+00:00
982,Buy,10755.918000000005,225.96,2024-08-20 10:00:00+00:00
983,Sell,10755.118000000006,225.92,2024-08-20 11:00:00+00:00
984,Buy,10755.118000000006,225.6705,2024-08-20 12:00:00+00:00
985,Buy,10752.876000000004,225.11,2024-08-20 13:00:00+00:00
986,Buy,10757.676000000005,225.71,2024-08-20 14:00:00+00:00
987,Buy,10759.326000000005,225.86,2024-08-20 15:00:00+00:00
988,Buy,10767.726000000006,226.46,2024-08-20 16:00:00+00:00
989,Buy,10761.776000000005,226.11,2024-08-20 17:00:00+00:00
990,Buy,10769.980000000005,226.5202,2024-08-20 18:00:00+00:00
991,Buy,10762.715600000005,226.19,2024-08-20 19:00:00+00:00
992,Sell,10768.557200000007,226.4334,2024-08-20 20:00:00+00:00
993,Buy,10768.557200000007,226.45,2024-08-20 21:00:00+00:00
994,Buy,10768.037200000006,226.32,2024-08-20 22:00:00+00:00
995,Buy,10768.997200000007,226.44,2024-08-20 23:00:00+00:00
996,Buy,10762.947200000006,225.89,2024-08-21 08:00:00+00:00
997,Buy,10771.487200000007,226.5,2024-08-21 09:00:00+00:00
998,Buy,10772.337200000007,226.55,2024-08-21 10:00:00+00:00
999,Buy,10775.737200000007,226.72,2024-08-21 11:00:00+00:00
1000,Buy,10758.665200000007,225.944,2024-08-21 12:00:00+00:00
1001,Buy,10757.849200000008,225.91,2024-08-21 13:00:00+00:00
1002,Buy,10756.809200000009,225.87,2024-08-21 14:00:00+00:00
1003,Buy,10753.673200000008,225.758,2024-08-21 15:00:00+00:00
1004,Buy,10750.106200000007,225.635,2024-08-21 16:00:00+00:00
1005,Buy,10755.956200000008,225.83,2024-08-21 17:00:00+00:00
1006,Buy,10756.886200000008,225.86,2024-08-21 18:00:00+00:00
1007,Sell,10730.966200000008,225.05,2024-08-21 19:00:00+00:00
1008,Buy,10730.966200000008,226.57,2024-08-21 22:00:00+00:00
1009,Buy,10731.046200000006,226.59,2024-08-21 23:00:00+00:00
1010,Buy,10727.926200000005,226.2,2024-08-22 08:00:00+00:00
1011,Buy,10730.126200000006,226.4,2024-08-22 09:00:00+00:00
1012,Buy,10730.826200000007,226.45,2024-08-22 10:00:00+00:00
1013,Buy,10702.776200000008,224.8,2024-08-22 11:00:00+00:00
1014,Buy,10728.776200000008,226.1,2024-08-22 12:00:00+00:00
1015,Buy,10741.756200000007,226.69,2024-08-22 13:00:00+00:00
1016,Sell,10734.076200000007,226.37,2024-08-22 14:00:00+00:00
1017,Buy,10734.076200000007,225.32,2024-08-22 16:00:00+00:00
1018,Buy,10728.836200000007,224.01,2024-08-22 17:00:00+00:00
1019,Sell,10727.956200000008,223.9,2024-08-22 18:00:00+00:00
1020,Buy,10727.956200000008,224.95,2024-08-22 22:00:00+00:00
1021,Buy,10727.916200000009,224.94,2024-08-22 23:00:00+00:00
1022,Buy,10729.276200000008,225.11,2024-08-23 08:00:00+00:00
1023,Buy,10733.566200000008,225.5,2024-08-23 09:00:00+00:00
1024,Sell,10734.546200000008,225.57,2024-08-23 10:00:00+00:00
1025,Buy,10734.546200000008,225.83,2024-08-23 11:00:00+00:00
1026,Buy,10731.426200000007,225.05,2024-08-23 12:00:00+00:00
1027,Buy,10727.266200000007,224.53,2024-08-23 13:00:00+00:00
1028,Buy,10738.046200000008,225.51,2024-08-23 14:00:00+00:00
1029,Buy,10733.567600000008,225.1901,2024-08-23 15:00:00+00:00
1030,Sell,10718.945900000008,224.33,2024-08-23 16:00:00+00:00
1031,Buy,10718.94590000001,226.76,2024-08-23 20:00:00+00:00
1032,Sell,10719.50590000001,226.9,2024-08-23 21:00:00+00:00
1033,Buy,10719.50590000001,226.98,2024-08-23 22:00:00+00:00
1034,Buy,10719.625900000008,227.01,2024-08-23 23:00:00+00:00
1035,Sell,10717.545900000008,226.75,2024-08-26 08:00:00+00:00
1036,Buy,10717.545900000008,227.35,2024-08-26 09:00:00+00:00
1037,Sell,10717.10590000001,227.24,2024-08-26 10:00:00+00:00
1038,Buy,10717.10590000001,226.0,2024-08-26 11:00:00+00:00
1039,Buy,10718.197900000008,226.273,2024-08-26 12:00:00+00:00
1040,Buy,10716.253900000009,226.03,2024-08-26 13:00:00+00:00
1041,Buy,10692.719400000009,223.8905,2024-08-26 14:00:00+00:00
1042,Buy,10701.812400000008,224.54,2024-08-26 15:00:00+00:00
1043,Buy,10703.512400000007,224.64,2024-08-26 16:00:00+00:00
1044,Buy,10719.572400000008,225.443,2024-08-26 17:00:00+00:00
1045,Sell,10719.946400000008,225.46,2024-08-26 18:00:00+00:00
1046,Buy,10719.946400000008,225.51,2024-08-26 22:00:00+00:00
1047,Buy,10721.346400000006,225.86,2024-08-26 23:00:00+00:00
1048,Buy,10723.186400000006,226.09,2024-08-27 08:00:00+00:00
1049,Buy,10729.236400000005,226.64,2024-08-27 09:00:00+00:00
1050,Sell,10725.036400000006,226.34,2024-08-27 10:00:00+00:00
1051,Buy,10725.036400000006,225.5,2024-08-27 11:00:00+00:00
1052,Buy,10725.076400000007,225.51,2024-08-27 12:00:00+00:00
1053,Buy,10720.116400000006,224.89,2024-08-27 13:00:00+00:00
1054,Buy,10740.521400000009,226.745,2024-08-27 14:00:00+00:00
1055,Sell,10757.769400000008,227.977,2024-08-27 15:00:00+00:00
1056,Buy,10757.769400000008,227.91,2024-08-27 20:00:00+00:00
1057,Sell,10757.369400000009,227.81,2024-08-27 21:00:00+00:00
1058,Buy,10757.369400000009,228.0,2024-08-28 08:00:00+00:00
1059,Sell,10759.689400000008,228.58,2024-08-28 09:00:00+00:00
1060,Buy,10759.689400000008,228.5,2024-08-28 10:00:00+00:00
1061,Buy,10758.609400000008,228.23,2024-08-28 11:00:00+00:00
1062,Buy,10755.489400000008,227.84,2024-08-28 12:00:00+00:00
1063,Buy,10752.629400000009,227.58,2024-08-28 13:00:00+00:00
1064,Buy,10750.529400000009,227.43,2024-08-28 14:00:00+00:00
1065,Buy,10730.639400000007,226.26,2024-08-28 15:00:00+00:00
1066,Buy,10738.439400000008,226.65,2024-08-28 16:00:00+00:00
1067,Buy,10719.913200000008,225.8079,2024-08-28 17:00:00+00:00
1068,Buy,10716.84360000001,225.68,2024-08-28 18:00:00+00:00
1069,Sell,10731.663600000009,226.25,2024-08-28 19:00:00+00:00
1070,Buy,10731.663600000009,226.89,2024-08-29 08:00:00+00:00
1071,Buy,10738.62360000001,228.63,2024-08-29 09:00:00+00:00
1072,Sell,10740.78360000001,228.9,2024-08-29 10:00:00+00:00
1073,Buy,10740.78360000001,228.88,2024-08-29 13:00:00+00:00
1074,Buy,10746.50360000001,230.31,2024-08-29 14:00:00+00:00
1075,Sell,10755.94360000001,231.49,2024-08-29 15:00:00+00:00
1076,Buy,10755.94360000001,229.85,2024-08-29 18:00:00+00:00
1077,Sell,10753.86360000001,229.33,2024-08-29 19:00:00+00:00
1078,Buy,10753.86360000001,229.88,2024-08-29 22:00:00+00:00
1079,Buy,10754.34360000001,230.0,2024-08-29 23:00:00+00:00
1080,Buy,10758.743600000009,230.55,2024-08-30 08:00:00+00:00
1081,Sell,10759.73360000001,230.64,2024-08-30 09:00:00+00:00
1082,Buy,10759.73360000001,230.8,2024-08-30 10:00:00+00:00
1083,Sell,10760.17360000001,230.91,2024-08-30 11:00:00+00:00
1084,Buy,10760.17360000001,229.88,2024-08-30 12:00:00+00:00
1085,Buy,10755.893600000009,228.81,2024-08-30 13:00:00+00:00
1086,Buy,10753.734400000008,228.5401,2024-08-30 14:00:00+00:00
1087,Buy,10742.788300000007,227.545,2024-08-30 15:00:00+00:00
1088,Buy,10741.878300000008,227.48,2024-08-30 16:00:00+00:00
1089,Buy,10745.266400000008,227.6793,2024-08-30 17:00:00+00:00
1090,Sell,10744.88040000001,227.66,2024-08-30 18:00:00+00:00
1091,Buy,10744.88040000001,228.65,2024-08-30 20:00:00+00:00
1092,Buy,10746.280400000009,229.0,2024-08-30 21:00:00+00:00
1093,Buy,10746.280400000009,229.0,2024-08-30 22:00:00+00:00
1094,Sell,10746.743500000008,229.0421,2024-08-30 23:00:00+00:00
1095,Buy,10746.743500000008,227.8,2024-09-03 09:00:00+00:00
1096,Buy,10747.623500000007,228.02,2024-09-03 10:00:00+00:00
1097,Sell,10744.023500000007,227.57,2024-09-03 11:00:00+00:00
1098,Buy,10744.023500000007,227.4297,2024-09-03 12:00:00+00:00
1099,Buy,10735.504700000005,225.3,2024-09-03 13:00:00+00:00
1100,Buy,10721.184700000005,223.51,2024-09-03 14:00:00+00:00
1101,Buy,10718.544700000004,223.27,2024-09-03 15:00:00+00:00
1102,Buy,10719.524700000005,223.34,2024-09-03 16:00:00+00:00
1103,Sell,10716.804700000004,223.18,2024-09-03 17:00:00+00:00
1104,Buy,10716.804700000004,221.82,2024-09-03 18:00:00+00:00
1105,Sell,10714.204700000004,221.17,2024-09-03 19:00:00+00:00
1106,Buy,10714.204700000004,220.75,2024-09-03 22:00:00+00:00
1107,Buy,10712.124700000004,220.23,2024-09-03 23:00:00+00:00
1108,Buy,10711.084700000003,220.1,2024-09-04 08:00:00+00:00
1109,Buy,10715.884700000004,220.5,2024-09-04 09:00:00+00:00
1110,Sell,10718.284700000004,220.66,2024-09-04 10:00:00+00:00
1111,Buy,10718.284700000004,219.67,2024-09-04 12:00:00+00:00
1112,Buy,10715.764700000003,219.04,2024-09-04 13:00:00+00:00
1113,Buy,10703.284700000004,217.48,2024-09-04 14:00:00+00:00
1114,Buy,10709.644700000004,218.01,2024-09-04 15:00:00+00:00
1115,Sell,10725.694700000004,219.08,2024-09-04 16:00:00+00:00
1116,Buy,10725.694700000004,219.79,2024-09-04 17:00:00+00:00
1117,Buy,10728.134700000004,220.4,2024-09-04 18:00:00+00:00
1118,Buy,10726.294700000002,220.17,2024-09-04 19:00:00+00:00
1119,Sell,10723.214300000003,219.9133,2024-09-04 20:00:00+00:00
1120,Buy,10723.214300000003,220.65,2024-09-04 21:00:00+00:00
1121,Buy,10723.414300000004,220.7,2024-09-04 22:00:00+00:00
1122,Buy,10713.254300000004,219.43,2024-09-04 23:00:00+00:00
1123,Buy,10721.534300000003,220.12,2024-09-05 08:00:00+00:00
1124,Sell,10718.084300000004,219.89,2024-09-05 09:00:00+00:00
1125,Buy,10718.084300000004,220.39,2024-09-05 11:00:00+00:00
1126,Buy,10713.124300000005,219.15,2024-09-05 12:00:00+00:00
1127,Buy,10722.000300000003,220.2595,2024-09-05 13:00:00+00:00
1128,Sell,10762.446300000003,223.63,2024-09-05 14:00:00+00:00
1129,Buy,10762.446300000003,221.88,2024-09-05 15:00:00+00:00
1130,Sell,10762.751100000003,221.9562,2024-09-05 16:00:00+00:00
1131,Buy,10762.751100000003,223.17,2024-09-05 18:00:00+00:00
1132,Sell,10757.311500000003,221.8101,2024-09-05 19:00:00+00:00
1133,Buy,10757.311500000003,222.1931,2024-09-05 21:00:00+00:00
1134,Sell,10756.667100000004,222.032,2024-09-05 22:00:00+00:00
1135,Buy,10756.667100000004,222.15,2024-09-05 23:00:00+00:00
1136,Buy,10744.067100000004,219.0,2024-09-06 08:00:00+00:00
1137,Sell,10757.747100000004,220.71,2024-09-06 09:00:00+00:00
1138,Buy,10757.747100000004,220.95,2024-09-06 10:00:00+00:00
1139,Buy,10757.547100000005,220.9,2024-09-06 11:00:00+00:00
1140,Buy,10757.147100000006,220.85,2024-09-06 12:00:00+00:00
1141,Buy,10780.547100000005,222.8,2024-09-06 13:00:00+00:00
1142,Sell,10752.497100000006,220.93,2024-09-06 14:00:00+00:00
1143,Buy,10752.497100000006,220.82,2024-09-06 15:00:00+00:00
1144,Sell,10751.057100000005,220.46,2024-09-06 16:00:00+00:00
1145,Buy,10751.057100000005,221.71,2024-09-09 10:00:00+00:00
1146,Sell,10746.937100000005,220.68,2024-09-09 11:00:00+00:00
1147,Buy,10746.937100000005,220.56,2024-09-09 12:00:00+00:00
1148,Buy,10735.977100000004,217.82,2024-09-09 13:00:00+00:00
1149,Buy,10730.217100000005,217.1,2024-09-09 14:00:00+00:00
1150,Buy,10729.617100000005,217.05,2024-09-09 15:00:00+00:00
1151,Buy,10768.591600000005,219.6483,2024-09-09 16:00:00+00:00
1152,Buy,10747.639600000004,218.4843,2024-09-09 17:00:00+00:00
1153,Buy,10710.379300000004,216.71,2024-09-09 18:00:00+00:00
1154,Sell,10735.035300000003,217.782,2024-09-09 19:00:00+00:00
1155,Buy,10735.035300000003,221.0,2024-09-09 21:00:00+00:00
1156,Buy,10732.606500000004,220.3928,2024-09-09 22:00:00+00:00
1157,Buy,10733.464100000003,220.5,2024-09-09 23:00:00+00:00
1158,Buy,10699.024100000002,217.63,2024-09-10 08:00:00+00:00
1159,Sell,10700.824100000002,217.75,2024-09-10 09:00:00+00:00
1160,Buy,10700.824100000002,218.0,2024-09-10 10:00:00+00:00
1161,Buy,10700.744100000002,217.98,2024-09-10 11:00:00+00:00
1162,Buy,10699.464100000001,217.82,2024-09-10 12:00:00+00:00
1163,Buy,10686.384100000003,216.73,2024-09-10 13:00:00+00:00
1164,Buy,10697.334100000002,217.46,2024-09-10 14:00:00+00:00
1165,Sell,10711.734100000001,218.26,2024-09-10 15:00:00+00:00
1166,Buy,10711.734100000001,218.0404,2024-09-10 16:00:00+00:00
1167,Buy,10717.692900000002,219.5301,2024-09-10 17:00:00+00:00
1168,Buy,10723.132100000003,220.21,2024-09-10 18:00:00+00:00
1169,Sell,10716.772100000002,219.68,2024-09-10 19:00:00+00:00
1170,Buy,10716.772100000002,219.7537,2024-09-10 22:00:00+00:00
1171,Buy,10716.317300000002,219.64,2024-09-10 23:00:00+00:00
1172,Sell,10696.157300000003,217.12,2024-09-11 08:00:00+00:00
1173,Buy,10696.157300000003,219.39,2024-09-11 09:00:00+00:00
1174,Buy,10696.277300000003,219.42,2024-09-11 10:00:00+00:00
1175,Buy,10697.557300000004,219.58,2024-09-11 11:00:00+00:00
1176,Buy,10690.597300000003,219.0,2024-09-11 12:00:00+00:00
1177,Buy,10707.847300000003,220.15,2024-09-11 13:00:00+00:00
1178,Buy,10667.167300000003,217.89,2024-09-11 14:00:00+00:00
1179,Sell,10670.317300000002,218.04,2024-09-11 15:00:00+00:00
1180,Buy,10670.317300000002,219.65,2024-09-11 16:00:00+00:00
1181,Buy,10675.0773,220.84,2024-09-11 17:00:00+00:00
1182,Sell,10675.2373,220.86,2024-09-11 18:00:00+00:00
1183,Buy,10675.2373,221.93,2024-09-11 22:00:00+00:00
1184,Sell,10675.3173,221.95,2024-09-11 23:00:00+00:00
1185,Buy,10675.3173,221.92,2024-09-12 08:00:00+00:00
1186,Sell,10678.0373,222.6,2024-09-12 09:00:00+00:00
1187,Buy,10678.0373,222.5,2024-09-12 10:00:00+00:00
1188,Buy,10678.4373,222.6,2024-09-12 11:00:00+00:00
1189,Buy,10674.4693,222.104,2024-09-12 12:00:00+00:00
1190,Buy,10647.0613,219.82,2024-09-12 13:00:00+00:00
1191,Buy,10663.8613,220.94,2024-09-12 14:00:00+00:00
1192,Buy,10677.0013,221.67,2024-09-12 15:00:00+00:00
1193,Buy,10675.9513,221.62,2024-09-12 16:00:00+00:00
1194,Buy,10694.581300000002,222.43,2024-09-12 17:00:00+00:00
1195,Sell,10687.831300000002,222.16,2024-09-12 18:00:00+00:00
1196,Buy,10687.831300000002,222.2383,2024-09-12 22:00:00+00:00
1197,Buy,10689.278100000001,222.6,2024-09-12 23:00:00+00:00
1198,Sell,10689.918100000003,222.68,2024-09-13 08:00:00+00:00
1199,Buy,10689.918100000003,223.13,2024-09-13 10:00:00+00:00
1200,Sell,10689.958100000002,223.14,2024-09-13 11:00:00+00:00
1201,Buy,10689.958100000002,222.97,2024-09-13 12:00:00+00:00
1202,Buy,10687.042900000002,222.2412,2024-09-13 13:00:00+00:00
1203,Buy,10684.393300000003,221.91,2024-09-13 14:00:00+00:00
1204,Buy,10699.154500000002,223.1401,2024-09-13 15:00:00+00:00
1205,Buy,10697.878000000002,223.055,2024-09-13 16:00:00+00:00
1206,Buy,10702.648000000001,223.32,2024-09-13 17:00:00+00:00
1207,Sell,10684.448000000002,222.41,2024-09-13 18:00:00+00:00
1208,Buy,10684.448000000002,222.35,2024-09-13 21:00:00+00:00
1209,Buy,10683.928400000003,222.2201,2024-09-13 22:00:00+00:00
1210,Buy,10683.447600000003,222.16,2024-09-13 23:00:00+00:00
1211,Buy,10637.607600000003,218.34,2024-09-16 08:00:00+00:00
1212,Sell,10640.007600000003,218.5,2024-09-16 09:00:00+00:00
1213,Buy,10640.007600000003,217.58,2024-09-16 10:00:00+00:00
1214,Buy,10637.407600000004,216.93,2024-09-16 11:00:00+00:00
1215,Buy,10635.967600000004,216.75,2024-09-16 12:00:00+00:00
1216,Buy,10602.007600000003,213.92,2024-09-16 13:00:00+00:00
1217,Buy,10618.507600000003,215.02,2024-09-16 14:00:00+00:00
1218,Buy,10615.267600000003,214.84,2024-09-16 15:00:00+00:00
1219,Buy,10616.737600000004,214.91,2024-09-16 16:00:00+00:00
1220,Buy,10630.767600000003,215.52,2024-09-16 17:00:00+00:00
1221,Buy,10642.267600000003,215.98,2024-09-16 18:00:00+00:00
1222,Sell,10640.647600000004,215.92,2024-09-16 19:00:00+00:00
1223,Buy,10640.647600000004,216.0,2024-09-16 21:00:00+00:00
1224,Buy,10640.647600000004,216.0,2024-09-16 22:00:00+00:00
1225,Buy,10641.467600000004,216.1025,2024-09-16 23:00:00+00:00
1226,Buy,10642.877600000003,216.22,2024-09-17 08:00:00+00:00
1227,Buy,10648.577600000004,216.6,2024-09-17 09:00:00+00:00
1228,Buy,10649.477600000006,216.65,2024-09-17 10:00:00+00:00
1229,Buy,10615.247600000004,215.02,2024-09-17 11:00:00+00:00
1230,Buy,10618.223800000005,215.1494,2024-09-17 12:00:00+00:00
1231,Buy,10601.988800000005,214.5,2024-09-17 13:00:00+00:00
1232,Buy,10629.798800000004,215.53,2024-09-17 14:00:00+00:00
1233,Buy,10642.268800000005,215.96,2024-09-17 15:00:00+00:00
1234,Buy,10619.638800000004,215.23,2024-09-17 16:00:00+00:00
1235,Buy,10613.878800000004,215.05,2024-09-17 17:00:00+00:00
1236,Buy,10622.128800000004,215.3,2024-09-17 18:00:00+00:00
1237,Buy,10636.412200000002,215.7201,2024-09-17 19:00:00+00:00
1238,Sell,10665.896200000003,216.5625,2024-09-17 20:00:00+00:00
1239,Buy,10665.896200000003,216.5022,2024-09-17 22:00:00+00:00
1240,Sell,10666.267400000002,216.595,2024-09-17 23:00:00+00:00
1241,Buy,10666.267400000002,215.5,2024-09-18 08:00:00+00:00
1242,Buy,10667.267400000002,215.75,2024-09-18 09:00:00+00:00
1243,Buy,10668.787400000001,215.94,2024-09-18 10:00:00+00:00
1244,Buy,10673.107400000003,216.3,2024-09-18 11:00:00+00:00
1245,Buy,10668.607400000003,216.0,2024-09-18 12:00:00+00:00
1246,Buy,10686.427400000002,216.99,2024-09-18 13:00:00+00:00
1247,Buy,10728.217400000001,218.98,2024-09-18 14:00:00+00:00
1248,Buy,10740.637400000003,219.52,2024-09-18 15:00:00+00:00
1249,Buy,10741.387400000003,219.55,2024-09-18 16:00:00+00:00
1250,Buy,10762.717400000001,220.34,2024-09-18 17:00:00+00:00
1251,Sell,10748.217400000001,219.84,2024-09-18 18:00:00+00:00
1252,Buy,10748.217400000001,221.28,2024-09-18 22:00:00+00:00
1253,Sell,10748.9774,221.47,2024-09-18 23:00:00+00:00
1254,Buy,10748.9774,224.01,2024-09-19 11:00:00+00:00
1255,Sell,10744.937399999999,223.0,2024-09-19 12:00:00+00:00
1256,Buy,10744.937399999999,224.63,2024-09-19 13:00:00+00:00
1257,Buy,10755.337399999999,227.23,2024-09-19 14:00:00+00:00
1258,Sell,10758.777399999999,227.66,2024-09-19 15:00:00+00:00
1259,Buy,10758.777399999999,228.4,2024-09-19 22:00:00+00:00
1260,Sell,10758.209399999998,228.258,2024-09-19 23:00:00+00:00
1261,Buy,10758.209399999996,227.74,2024-09-20 08:00:00+00:00
1262,Sell,10756.849399999997,227.4,2024-09-20 09:00:00+00:00
1263,Buy,10756.849399999997,227.11,2024-09-20 10:00:00+00:00
1264,Buy,10757.889399999996,227.37,2024-09-20 11:00:00+00:00
1265,Buy,10758.290199999998,227.4201,2024-09-20 12:00:00+00:00
1266,Buy,10772.809099999997,228.74,2024-09-20 13:00:00+00:00
1267,Buy,10781.629099999998,229.37,2024-09-20 14:00:00+00:00
1268,Buy,10778.739099999997,229.2,2024-09-20 15:00:00+00:00
1269,Buy,10809.739099999997,230.75,2024-09-20 16:00:00+00:00
1270,Buy,10806.659099999997,230.61,2024-09-20 17:00:00+00:00
1271,Buy,10780.019099999998,229.5,2024-09-20 18:00:00+00:00
1272,Sell,10731.139099999997,227.62,2024-09-20 19:00:00+00:00
1273,Buy,10731.139099999997,227.8,2024-09-20 21:00:00+00:00
1274,Buy,10731.019099999996,227.77,2024-09-20 22:00:00+00:00
1275,Buy,10730.619099999996,227.72,2024-09-20 23:00:00+00:00
1276,Buy,10726.549099999997,227.35,2024-09-23 08:00:00+00:00
1277,Sell,10729.349099999996,227.55,2024-09-23 09:00:00+00:00
1278,Buy,10729.349099999996,227.8,2024-09-23 10:00:00+00:00
1279,Buy,10729.389099999995,227.81,2024-09-23 11:00:00+00:00
1280,Buy,10719.709099999996,226.6,2024-09-23 12:00:00+00:00
1281,Buy,10711.459099999996,225.85,2024-09-23 13:00:00+00:00
1282,Buy,10717.619099999996,226.29,2024-09-23 14:00:00+00:00
1283,Buy,10748.389099999997,228.1,2024-09-23 15:00:00+00:00
1284,Buy,10719.589099999996,226.66,2024-09-23 16:00:00+00:00
1285,Buy,10716.289099999996,226.51,2024-09-23 17:00:00+00:00
1286,Sell,10715.689099999996,226.485,2024-09-23 18:00:00+00:00
1287,Buy,10715.689099999996,226.22,2024-09-23 21:00:00+00:00
1288,Buy,10715.289099999998,226.12,2024-09-23 22:00:00+00:00
1289,Sell,10714.329099999997,226.0,2024-09-23 23:00:00+00:00
1290,Buy,10714.329099999997,226.97,2024-09-24 08:00:00+00:00
1291,Sell,10717.489099999999,227.76,2024-09-24 09:00:00+00:00
1292,Buy,10717.489099999999,227.17,2024-09-24 13:00:00+00:00
1293,Buy,10711.729099999999,225.73,2024-09-24 14:00:00+00:00
1294,Buy,10719.489099999999,226.7,2024-09-24 15:00:00+00:00
1295,Buy,10722.459099999998,226.97,2024-09-24 16:00:00+00:00
1296,Buy,10720.219099999998,226.81,2024-09-24 17:00:00+00:00
1297,Buy,10715.629099999998,226.54,2024-09-24 18:00:00+00:00
1298,Sell,10708.829099999999,226.2,2024-09-24 19:00:00+00:00
1299,Buy,10708.829099999999,227.43,2024-09-24 22:00:00+00:00
1300,Buy,10708.7491,227.41,2024-09-24 23:00:00+00:00
1301,Buy,10693.5491,225.51,2024-09-25 08:00:00+00:00
1302,Sell,10696.5191,225.78,2024-09-25 09:00:00+00:00
1303,Buy,10696.5191,224.85,2024-09-25 12:00:00+00:00
1304,Sell,10695.5591,224.61,2024-09-25 13:00:00+00:00
1305,Buy,10695.5591,224.82,2024-09-25 17:00:00+00:00
1306,Sell,10692.3591,224.02,2024-09-25 18:00:00+00:00
1307,Buy,10692.3591,224.8013,2024-09-25 20:00:00+00:00
1308,Sell,10696.4839,225.8325,2024-09-25 21:00:00+00:00
1309,Buy,10696.4839,225.82,2024-09-25 22:00:00+00:00
1310,Buy,10694.903899999998,225.425,2024-09-25 23:00:00+00:00
1311,Buy,10704.303899999999,226.6,2024-09-26 08:00:00+00:00
1312,Sell,10719.703899999999,228.0,2024-09-26 09:00:00+00:00
1313,Buy,10719.703899999999,227.91,2024-09-26 10:00:00+00:00
1314,Sell,10718.5039,227.61,2024-09-26 11:00:00+00:00
1315,Buy,10718.5039,225.41,2024-09-26 13:00:00+00:00
1316,Sell,10721.0439,226.045,2024-09-26 14:00:00+00:00
1317,Buy,10721.0439,226.68,2024-09-26 15:00:00+00:00
1318,Buy,10722.315900000001,226.998,2024-09-26 16:00:00+00:00
1319,Buy,10719.611900000002,226.66,2024-09-26 17:00:00+00:00
1320,Sell,10723.021900000002,226.97,2024-09-26 18:00:00+00:00
1321,Buy,10723.021900000002,227.8156,2024-09-26 22:00:00+00:00
1322,Buy,10723.9595,228.05,2024-09-26 23:00:00+00:00
1323,Buy,10708.4395,226.11,2024-09-27 08:00:00+00:00
1324,Buy,10718.229500000001,227.0,2024-09-27 09:00:00+00:00
1325,Buy,10725.5095,227.52,2024-09-27 10:00:00+00:00
1326,Buy,10727.2095,227.62,2024-09-27 11:00:00+00:00
1327,Buy,10712.609500000002,226.89,2024-09-27 12:00:00+00:00
1328,Buy,10734.829500000002,227.9,2024-09-27 13:00:00+00:00
1329,Buy,10749.229500000001,228.5,2024-09-27 14:00:00+00:00
1330,Sell,10718.0295,227.3,2024-09-27 15:00:00+00:00
1331,Buy,10718.0295,227.44,2024-09-27 16:00:00+00:00
1332,Buy,10719.5095,227.81,2024-09-27 17:00:00+00:00
1333,Sell,10717.2695,227.53,2024-09-27 18:00:00+00:00
1334,Buy,10717.2695,227.486,2024-09-27 21:00:00+00:00
1335,Sell,10717.285500000002,227.49,2024-09-27 22:00:00+00:00
1336,Buy,10717.285500000002,227.33,2024-09-30 08:00:00+00:00
1337,Buy,10723.965500000002,229.0,2024-09-30 09:00:00+00:00
1338,Sell,10730.605500000001,229.83,2024-09-30 10:00:00+00:00
1339,Buy,10730.605500000001,229.0,2024-09-30 11:00:00+00:00
1340,Buy,10721.9655,226.84,2024-09-30 12:00:00+00:00
1341,Sell,10740.925500000001,229.21,2024-09-30 13:00:00+00:00
1342,Buy,10740.925500000001,231.38,2024-09-30 15:00:00+00:00
1343,Buy,10742.365500000002,231.74,2024-09-30 16:00:00+00:00
1344,Sell,10738.925500000001,231.31,2024-09-30 17:00:00+00:00
1345,Buy,10738.925500000001,230.55,2024-09-30 18:00:00+00:00
1346,Sell,10740.8855,231.04,2024-09-30 19:00:00+00:00
1347,Buy,10740.8855,232.7701,2024-09-30 23:00:00+00:00
1348,Buy,10742.1251,233.08,2024-10-01 08:00:00+00:00
1349,Sell,10743.3251,233.23,2024-10-01 09:00:00+00:00
1350,Buy,10743.3251,233.0,2024-10-01 10:00:00+00:00
1351,Sell,10729.0851,229.44,2024-10-01 11:00:00+00:00
1352,Buy,10729.0851,229.4,2024-10-01 12:00:00+00:00
1353,Buy,10713.9251,225.61,2024-10-01 13:00:00+00:00
1354,Buy,10705.2851,224.53,2024-10-01 14:00:00+00:00
1355,Sell,10705.1751,224.52,2024-10-01 15:00:00+00:00
1356,Buy,10705.1751,224.2678,2024-10-01 16:00:00+00:00
1357,Buy,10703.0639,223.74,2024-10-01 17:00:00+00:00
1358,Sell,10713.644699999999,225.0626,2024-10-01 18:00:00+00:00
1359,Buy,10713.6447,225.51,2024-10-01 19:00:00+00:00
1360,Sell,10714.010699999999,225.6015,2024-10-01 20:00:00+00:00
1361,Buy,10714.010699999999,225.3,2024-10-01 22:00:00+00:00
