time,open,high,low,close,volume
2023-10-02 08:00:00+00:00,172.7,172.91,172.4,172.51,28577
2023-10-02 09:00:00+00:00,172.5,172.5,171.33,171.33,62604
2023-10-02 10:00:00+00:00,171.42,171.61,171.03,171.23,31810
2023-10-02 11:00:00+00:00,171.37,171.97,171.25,171.55,82188
2023-10-02 12:00:00+00:00,171.38,172.99,171.06,171.3,186384
2023-10-02 13:00:00+00:00,171.26,173.25,170.93,172.94,6847365
2023-10-02 14:00:00+00:00,172.94,174.04,172.8,173.009,8714162
2023-10-02 15:00:00+00:00,173.01,174.3,172.905,173.08,6202128
2023-10-02 16:00:00+00:00,173.09,173.53,172.82,173.18,4269957
2023-10-02 17:00:00+00:00,173.185,173.5799,172.73,173.13,3671891
2023-10-02 18:00:00+00:00,173.13,173.71,172.61,172.89,4228157
2023-10-02 19:00:00+00:00,172.88,173.78,172.533,173.75,9337721
2023-10-02 20:00:00+00:00,173.75,173.96,171.21,173.73,8396726
2023-10-02 21:00:00+00:00,173.75,173.78,173.64,173.65,29441
2023-10-02 22:00:00+00:00,173.69,173.87,173.65,173.7,24071
2023-10-02 23:00:00+00:00,173.75,173.94,173.63,173.82,32151
2023-10-03 08:00:00+00:00,173.23,173.87,173.23,173.8,36582
2023-10-03 09:00:00+00:00,173.67,173.67,173.23,173.34,11598
2023-10-03 10:00:00+00:00,173.42,173.69,173.3,173.3,7095
2023-10-03 11:00:00+00:00,173.33,173.37,172.36,172.75,95759
2023-10-03 12:00:00+00:00,173.34,173.76,172.03,172.15,197298
2023-10-03 13:00:00+00:00,172.15,173.63,170.6365,173.27,5676968
2023-10-03 14:00:00+00:00,173.27,173.3,170.82,171.51,9160387
2023-10-03 15:00:00+00:00,171.5,171.985,171.36,171.75,5209702
2023-10-03 16:00:00+00:00,171.7482,172.69,171.69,172.56,4973654
2023-10-03 17:00:00+00:00,172.55,172.805,171.75,171.97,3932914
2023-10-03 18:00:00+00:00,171.97,172.4,171.551,172.27,4156232
2023-10-03 19:00:00+00:00,172.26,172.52,171.78,172.46,8990646
2023-10-03 20:00:00+00:00,172.47,172.55,172.09,172.13,6657265
2023-10-03 21:00:00+00:00,172.13,172.2078,172.0,172.05,160694
2023-10-03 22:00:00+00:00,172.05,172.19,171.94,172.08,39872
2023-10-03 23:00:00+00:00,172.01,172.01,170.85,170.88,226879
2023-10-04 08:00:00+00:00,170.48,170.48,169.26,170.35,124477
2023-10-04 09:00:00+00:00,170.23,170.69,170.0,170.57,43768
2023-10-04 10:00:00+00:00,170.6,170.9,170.35,170.72,31629
2023-10-04 11:00:00+00:00,170.71,171.25,170.66,170.9,162467
2023-10-04 12:00:00+00:00,170.72,171.78,169.57,171.6,484456
2023-10-04 13:00:00+00:00,171.61,172.69,170.86,172.49,7173761
2023-10-04 14:00:00+00:00,172.48,173.49,171.87,172.45,10049156
2023-10-04 15:00:00+00:00,172.44,173.15,172.13,173.14,5713454
2023-10-04 16:00:00+00:00,173.14,173.29,172.81,173.11,3607555
2023-10-04 17:00:00+00:00,173.1,173.13,172.46,172.52,3514243
2023-10-04 18:00:00+00:00,172.515,173.1399,172.35,173.0792,3534332
2023-10-04 19:00:00+00:00,173.09,174.21,173.03,173.66,11361158
2023-10-04 20:00:00+00:00,173.66,173.66,173.11,173.5001,7087162
2023-10-04 21:00:00+00:00,173.52,173.66,173.22,173.31,50637
2023-10-04 22:00:00+00:00,173.3,173.45,173.25,173.33,37400
2023-10-04 23:00:00+00:00,173.31,173.43,173.26,173.27,27387
2023-10-05 08:00:00+00:00,173.23,173.4,172.92,172.92,11093
2023-10-05 09:00:00+00:00,172.9,173.09,172.8,173.05,35472
2023-10-05 10:00:00+00:00,173.08,173.51,173.08,173.48,12708
2023-10-05 11:00:00+00:00,173.41,173.85,173.34,173.77,44280
2023-10-05 12:00:00+00:00,173.69,174.1106,172.8,173.3,204711
2023-10-05 13:00:00+00:00,173.27,174.408,173.0,173.8723,5538011
2023-10-05 14:00:00+00:00,173.87,173.875,172.68,173.0,7213443
2023-10-05 15:00:00+00:00,173.0,173.83,172.83,173.4801,5927986
2023-10-05 16:00:00+00:00,173.485,174.03,173.36,173.947,4810814
2023-10-05 17:00:00+00:00,173.9446,175.03,173.645,174.89,5704070
2023-10-05 18:00:00+00:00,174.88,175.45,174.75,175.33,5262443
2023-10-05 19:00:00+00:00,175.335,175.39,174.84,174.97,7008529
2023-10-05 20:00:00+00:00,174.97,174.98,174.72,174.8398,6655305
2023-10-05 21:00:00+00:00,174.91,174.91,174.76,174.7697,38605
2023-10-05 22:00:00+00:00,174.77,174.84,174.76,174.77,11393
2023-10-05 23:00:00+00:00,174.78,174.81,174.67,174.75,24878
2023-10-06 08:00:00+00:00,175.08,175.22,174.87,174.88,19171
2023-10-06 09:00:00+00:00,174.82,175.1,174.82,175.08,10147
2023-10-06 10:00:00+00:00,175.08,175.5,175.08,175.35,17225
2023-10-06 11:00:00+00:00,175.36,175.56,175.1,175.15,53556
2023-10-06 12:00:00+00:00,175.4105,175.59,172.75,173.29,642185
2023-10-06 13:00:00+00:00,173.29,175.06,173.04,174.03,6283470
2023-10-06 14:00:00+00:00,174.04,175.28,173.35,175.13,8150237
2023-10-06 15:00:00+00:00,175.1324,176.84,175.09,176.7987,7569166
2023-10-06 16:00:00+00:00,176.795,177.05,176.31,176.82,5562087
2023-10-06 17:00:00+00:00,176.83,177.39,176.69,177.2799,4884325
2023-10-06 18:00:00+00:00,177.275,177.7059,177.13,177.54,4206125
2023-10-06 19:00:00+00:00,177.535,177.99,177.4,177.49,10472753
2023-10-06 20:00:00+00:00,177.47,177.7,177.45,177.57,9102603
2023-10-06 21:00:00+00:00,177.53,177.56,177.5,177.53,25256
2023-10-06 22:00:00+00:00,177.54,177.59,177.51,177.53,17731
2023-10-06 23:00:00+00:00,177.52,177.77,177.51,177.72,26127
2023-10-09 08:00:00+00:00,176.0,176.3,175.73,176.18,41901
2023-10-09 09:00:00+00:00,176.1,176.17,175.84,175.88,16149
2023-10-09 10:00:00+00:00,175.99,176.35,175.99,176.0,44399
2023-10-09 11:00:00+00:00,175.98,176.08,175.85,176.01,84854
2023-10-09 12:00:00+00:00,175.94,176.4899,175.5,176.3387,261414
2023-10-09 13:00:00+00:00,176.35,177.299,175.8,177.18,5549809
2023-10-09 14:00:00+00:00,177.18,177.36,176.2006,176.37,5643896
2023-10-09 15:00:00+00:00,176.365,177.23,176.19,177.195,4378737
2023-10-09 16:00:00+00:00,177.2,178.07,177.18,177.6,4204806
2023-10-09 17:00:00+00:00,177.61,178.79,177.56,178.72,4095296
2023-10-09 18:00:00+00:00,178.72,179.04,178.42,178.8879,4934020
2023-10-09 19:00:00+00:00,178.89,179.05,178.665,179.0,7598113
2023-10-09 20:00:00+00:00,178.99,179.01,178.81,178.87,5449931
2023-10-09 21:00:00+00:00,178.84,178.9,178.81,178.82,13479
2023-10-09 22:00:00+00:00,178.87,178.89,178.79,178.85,22864
2023-10-09 23:00:00+00:00,178.85,179.0,178.82,178.88,33958
2023-10-10 08:00:00+00:00,179.0,179.35,178.85,179.35,32811
2023-10-10 09:00:00+00:00,179.3,179.3,179.1,179.12,14167
2023-10-10 10:00:00+00:00,179.14,179.18,178.82,178.82,23594
2023-10-10 11:00:00+00:00,178.89,178.89,177.7,177.7,129518
2023-10-10 12:00:00+00:00,178.25,179.11,177.7,178.15,218372
2023-10-10 13:00:00+00:00,178.03,179.16,177.85,178.63,5031902
2023-10-10 14:00:00+00:00,178.63,179.43,178.35,179.32,6376259
2023-10-10 15:00:00+00:00,179.33,179.68,179.13,179.565,4425046
2023-10-10 16:00:00+00:00,179.56,179.72,179.35,179.51,2802223
2023-10-10 17:00:00+00:00,179.5,179.5,178.04,178.275,5701802
2023-10-10 18:00:00+00:00,178.27,178.63,177.95,178.175,4464779
2023-10-10 19:00:00+00:00,178.175,178.9099,178.07,178.41,8197018
2023-10-10 20:00:00+00:00,178.42,178.58,178.3,178.37,6175356
2023-10-10 21:00:00+00:00,178.35,178.49,178.31,178.31,35971
2023-10-10 22:00:00+00:00,178.34,178.45,178.33,178.45,29017
2023-10-10 23:00:00+00:00,178.45,178.54,178.41,178.54,11690
2023-10-11 08:00:00+00:00,178.62,178.62,178.36,178.4,16321
2023-10-11 09:00:00+00:00,178.4,178.61,178.35,178.6,5467
2023-10-11 10:00:00+00:00,178.6,178.64,178.47,178.58,8143
2023-10-11 11:00:00+00:00,178.56,178.9,178.4,178.44,49735
2023-10-11 12:00:00+00:00,178.58,178.92,177.63,178.44,308990
2023-10-11 13:00:00+00:00,178.43,178.9576,177.6,177.935,6099146
2023-10-11 14:00:00+00:00,177.93,179.28,177.67,179.1,7087883
2023-10-11 15:00:00+00:00,179.1,179.32,178.445,178.7083,5171307
2023-10-11 16:00:00+00:00,178.71,178.74,178.27,178.625,3535720
2023-10-11 17:00:00+00:00,178.64,178.742,178.33,178.63,2995259
2023-10-11 18:00:00+00:00,178.62,179.38,178.59,179.085,5718577
2023-10-11 19:00:00+00:00,179.0773,179.85,179.04,179.75,8195704
2023-10-11 20:00:00+00:00,179.74,180.3883,179.74,180.24,7919827
2023-10-11 21:00:00+00:00,180.23,180.33,180.19,180.22,341429
2023-10-11 22:00:00+00:00,180.21,180.33,180.21,180.29,26130
2023-10-11 23:00:00+00:00,180.29,180.38,180.2,180.36,55835
2023-10-12 08:00:00+00:00,180.24,180.5,180.2,180.46,21279
2023-10-12 09:00:00+00:00,180.53,180.64,180.46,180.46,24247
2023-10-12 10:00:00+00:00,180.48,180.58,180.43,180.49,26354
2023-10-12 11:00:00+00:00,180.45,180.5,180.22,180.47,53191
2023-10-12 12:00:00+00:00,180.27,180.5595,179.49,179.94,382327
2023-10-12 13:00:00+00:00,179.82,180.99,179.71,180.93,5953614
2023-10-12 14:00:00+00:00,180.93,182.1499,180.81,182.06,11185128
2023-10-12 15:00:00+00:00,182.065,182.34,181.51,181.94,6651272
2023-10-12 16:00:00+00:00,181.94,182.29,181.7907,181.955,4669794
2023-10-12 17:00:00+00:00,181.955,182.06,179.96,179.985,6094376
2023-10-12 18:00:00+00:00,179.99,180.13,179.04,179.8099,5993265
2023-10-12 19:00:00+00:00,179.82,180.815,179.73,180.73,8594601
2023-10-12 20:00:00+00:00,180.7201,181.2,180.69,181.1,6893173
2023-10-12 21:00:00+00:00,181.09,181.23,181.09,181.19,45178
2023-10-12 22:00:00+00:00,181.2,181.2,180.71,181.15,41198
2023-10-12 23:00:00+00:00,181.1399,181.4988,181.1,181.45,50619
2023-10-13 08:00:00+00:00,181.05,181.12,180.65,180.8,19109
2023-10-13 09:00:00+00:00,180.73,180.73,180.22,180.22,26331
2023-10-13 10:00:00+00:00,180.32,180.37,180.04,180.25,27899
2023-10-13 11:00:00+00:00,180.35,180.45,180.11,180.25,49607
2023-10-13 12:00:00+00:00,180.1512,181.23,180.1,181.05,157379
2023-10-13 13:00:00+00:00,181.03,181.93,180.92,181.17,4886762
2023-10-13 14:00:00+00:00,181.15,181.26,179.3701,179.625,7695627
2023-10-13 15:00:00+00:00,179.62,179.69,178.47,178.61,6502812
2023-10-13 16:00:00+00:00,178.6,179.47,178.5301,179.06,4443634
2023-10-13 17:00:00+00:00,179.06,179.105,178.14,178.82,5331669
2023-10-13 18:00:00+00:00,178.82,179.54,178.69,179.3399,5123742
2023-10-13 19:00:00+00:00,179.33,179.74,178.52,178.87,8646198
2023-10-13 20:00:00+00:00,178.88,178.9,178.55,178.65,8398836
2023-10-13 21:00:00+00:00,178.6502,178.85,178.54,178.57,91038
2023-10-13 22:00:00+00:00,178.58,178.65,178.5367,178.64,14368
2023-10-13 23:00:00+00:00,178.64,178.64,178.4,178.41,14640
2023-10-16 08:00:00+00:00,178.54,178.84,178.2,178.78,33661
2023-10-16 09:00:00+00:00,178.65,178.67,178.44,178.46,16366
2023-10-16 10:00:00+00:00,178.43,178.43,175.84,177.1,160314
2023-10-16 11:00:00+00:00,177.14,177.85,176.85,177.45,167803
2023-10-16 12:00:00+00:00,177.29,179.02,176.8504,178.15,243483
2023-10-16 13:00:00+00:00,178.14,178.36,176.33,177.8,8879213
2023-10-16 14:00:00+00:00,177.81,178.85,177.34,178.82,7384903
2023-10-16 15:00:00+00:00,178.82,179.075,178.03,178.0301,5149832
2023-10-16 16:00:00+00:00,178.035,178.06,177.28,177.55,5116479
2023-10-16 17:00:00+00:00,177.5494,178.22,176.85,178.15,5392995
2023-10-16 18:00:00+00:00,178.15,178.55,177.82,178.5273,4353753
2023-10-16 19:00:00+00:00,178.53,179.0,178.24,178.675,9525734
2023-10-16 20:00:00+00:00,178.67,178.82,178.51,178.73,5781101
2023-10-16 21:00:00+00:00,178.7,178.79,178.66,178.6756,17387
2023-10-16 22:00:00+00:00,178.72,178.72,178.6,178.6,10877
2023-10-16 23:00:00+00:00,178.6,178.7,178.51,178.7,33248
2023-10-17 08:00:00+00:00,178.5,178.5,177.9,178.05,34334
2023-10-17 09:00:00+00:00,178.05,178.2,177.97,177.97,6674
2023-10-17 10:00:00+00:00,178.05,178.18,177.97,178.16,18403
2023-10-17 11:00:00+00:00,178.16,178.3,177.96,178.3,44407
2023-10-17 12:00:00+00:00,178.1893,178.44,177.35,177.38,284168
2023-10-17 13:00:00+00:00,177.4003,177.5,174.8,175.3433,9902256
2023-10-17 14:00:00+00:00,175.345,177.23,175.28,176.66,9822885
2023-10-17 15:00:00+00:00,176.665,177.845,176.491,177.73,5853039
2023-10-17 16:00:00+00:00,177.73,178.42,177.63,178.19,4625756
2023-10-17 17:00:00+00:00,178.2,178.35,176.95,177.16,5073092
2023-10-17 18:00:00+00:00,177.17,177.5399,176.365,176.62,6110014
2023-10-17 19:00:00+00:00,176.62,177.3,176.445,177.14,9374891
2023-10-17 20:00:00+00:00,177.13,177.23,176.94,176.98,6298899
2023-10-17 21:00:00+00:00,176.95,177.1,176.95,177.09,19612
2023-10-17 22:00:00+00:00,177.1,177.1,176.93,176.95,11676
2023-10-17 23:00:00+00:00,176.94,176.99,176.52,176.68,27796
2023-10-18 08:00:00+00:00,176.66,176.73,176.6,176.73,6489
2023-10-18 09:00:00+00:00,176.61,176.73,175.8,176.02,21665
2023-10-18 10:00:00+00:00,176.1,176.12,175.7,175.84,25449
2023-10-18 11:00:00+00:00,175.98,176.1,175.45,175.61,79597
2023-10-18 12:00:00+00:00,175.99,176.8,175.41,175.66,207925
2023-10-18 13:00:00+00:00,175.66,176.65,175.35,176.58,6485289
2023-10-18 14:00:00+00:00,176.585,177.575,175.755,176.14,9002430
2023-10-18 15:00:00+00:00,176.14,177.4,176.12,177.02,5610314
2023-10-18 16:00:00+00:00,177.015,177.53,176.26,176.38,4832114
2023-10-18 17:00:00+00:00,176.3709,177.37,176.22,176.76,5527250
2023-10-18 18:00:00+00:00,176.751,177.13,176.23,176.42,4603527
2023-10-18 19:00:00+00:00,176.42,176.44,175.11,175.84,9312052
2023-10-18 20:00:00+00:00,175.81,175.92,175.5,175.68,8857808
2023-10-18 21:00:00+00:00,175.71,175.84,175.56,175.62,103878
2023-10-18 22:00:00+00:00,175.6,175.79,175.5,175.56,51268
2023-10-18 23:00:00+00:00,175.56,175.69,175.4987,175.5,29542
2023-10-19 08:00:00+00:00,175.24,175.39,174.91,174.96,43555
2023-10-19 09:00:00+00:00,174.91,175.55,174.91,175.55,20128
2023-10-19 10:00:00+00:00,175.55,175.79,175.43,175.73,16280
2023-10-19 11:00:00+00:00,175.71,175.75,175.19,175.3,66663
2023-10-19 12:00:00+00:00,175.64,176.4,174.78,176.21,228074
2023-10-19 13:00:00+00:00,176.17,176.855,175.77,176.8401,6869066
2023-10-19 14:00:00+00:00,176.85,177.33,176.16,176.465,6478644
2023-10-19 15:00:00+00:00,176.46,176.72,175.635,176.48,5361342
2023-10-19 16:00:00+00:00,176.4724,177.762,175.46,177.0561,9591483
2023-10-19 17:00:00+00:00,177.06,177.84,176.56,176.78,5507470
2023-10-19 18:00:00+00:00,176.76,177.02,175.52,175.62,5184602
2023-10-19 19:00:00+00:00,175.6251,176.06,175.19,175.45,8445763
2023-10-19 20:00:00+00:00,175.45,175.46,174.91,175.26,11340556
2023-10-19 21:00:00+00:00,175.24,175.46,175.01,175.04,61831
2023-10-19 22:00:00+00:00,175.03,175.16,174.97,174.97,29496
2023-10-19 23:00:00+00:00,174.9,175.0,174.75,174.85,41260
2023-10-20 08:00:00+00:00,174.95,175.32,174.56,175.14,18597
2023-10-20 09:00:00+00:00,175.07,175.16,174.71,174.97,24541
2023-10-20 10:00:00+00:00,174.93,174.93,174.7,174.72,6162
2023-10-20 11:00:00+00:00,174.71,175.18,174.7,175.1,35087
2023-10-20 12:00:00+00:00,174.77,175.2,174.49,174.68,94246
2023-10-20 13:00:00+00:00,174.77,175.8,174.42,175.1016,9231843
2023-10-20 14:00:00+00:00,175.105,175.32,173.34,173.365,9635478
2023-10-20 15:00:00+00:00,173.36,173.68,172.64,173.64,7924747
2023-10-20 16:00:00+00:00,173.65,174.36,173.4,174.315,5328944
2023-10-20 17:00:00+00:00,174.32,174.72,173.8877,174.305,5184147
2023-10-20 18:00:00+00:00,174.3,174.39,173.255,173.51,4993615
2023-10-20 19:00:00+00:00,173.53,173.755,172.8,172.84,9782523
2023-10-20 20:00:00+00:00,172.84,173.29,172.84,172.97,10887925
2023-10-20 21:00:00+00:00,172.9406,172.99,172.86,172.87,63812
2023-10-20 22:00:00+00:00,172.86,172.88,172.7,172.73,17051
2023-10-20 23:00:00+00:00,172.76,172.8,172.64,172.78,19519
2023-10-23 08:00:00+00:00,172.6,172.6,171.68,171.7,67960
2023-10-23 09:00:00+00:00,171.67,171.67,170.0,170.2,111068
2023-10-23 10:00:00+00:00,170.22,170.7,170.2,170.66,39797
2023-10-23 11:00:00+00:00,170.6,171.32,170.6,170.81,132010
2023-10-23 12:00:00+00:00,171.04,173.08,170.6,170.8709,287603
2023-10-23 13:00:00+00:00,170.85,171.68,169.93,171.3799,10289186
2023-10-23 14:00:00+00:00,171.37,172.23,171.09,172.21,8678931
2023-10-23 15:00:00+00:00,172.22,172.985,172.02,172.58,5730629
2023-10-23 16:00:00+00:00,172.6,173.62,172.28,173.6,5361123
2023-10-23 17:00:00+00:00,173.61,174.01,173.1131,173.521,4862502
2023-10-23 18:00:00+00:00,173.52,173.8129,173.139,173.5,4367898
2023-10-23 19:00:00+00:00,173.5,173.725,172.72,172.96,8207701
2023-10-23 20:00:00+00:00,173.12,173.23,172.78,173.01,7704112
2023-10-23 21:00:00+00:00,173.02,173.04,172.76,172.95,68546
2023-10-23 22:00:00+00:00,172.95,172.96,172.71,172.94,24982
2023-10-23 23:00:00+00:00,172.85,173.23,172.66,173.23,26404
2023-10-24 08:00:00+00:00,173.76,173.76,173.07,173.45,18879
2023-10-24 09:00:00+00:00,173.44,173.96,173.39,173.75,13528
2023-10-24 10:00:00+00:00,173.78,173.78,173.31,173.42,8749
2023-10-24 11:00:00+00:00,173.41,173.59,173.22,173.3,62463
2023-10-24 12:00:00+00:00,173.57,173.74,173.0099,173.3,124841
2023-10-24 13:00:00+00:00,173.32,173.34,171.96,172.76,6261455
2023-10-24 14:00:00+00:00,172.755,172.89,171.81,172.53,7416692
2023-10-24 15:00:00+00:00,172.5302,172.78,172.13,172.7402,4500762
2023-10-24 16:00:00+00:00,172.76,173.02,171.45,171.76,4411522
2023-10-24 17:00:00+00:00,171.76,172.365,171.7,172.1,3382776
2023-10-24 18:00:00+00:00,172.1,173.175,172.06,173.12,4011325
2023-10-24 19:00:00+00:00,173.12,173.67,173.035,173.39,8264510
2023-10-24 20:00:00+00:00,173.39,173.93,173.1,173.3,5145280
2023-10-24 21:00:00+00:00,173.24,173.35,173.01,173.04,70525
2023-10-24 22:00:00+00:00,173.17,173.38,173.0,173.02,40468
2023-10-24 23:00:00+00:00,173.02,173.2,172.9,172.9,28096
2023-10-25 08:00:00+00:00,172.56,172.73,172.34,172.59,33493
2023-10-25 09:00:00+00:00,172.56,172.62,172.28,172.54,26129
2023-10-25 10:00:00+00:00,172.51,172.79,172.41,172.79,5387
2023-10-25 11:00:00+00:00,172.8,172.97,172.51,172.51,24640
2023-10-25 12:00:00+00:00,172.83,173.19,172.02,172.05,126743
2023-10-25 13:00:00+00:00,172.05,172.11,170.95,171.27,5522486
2023-10-25 14:00:00+00:00,171.28,172.96,170.83,172.145,9346022
2023-10-25 15:00:00+00:00,172.145,173.06,171.715,171.74,5997323
2023-10-25 16:00:00+00:00,171.74,172.0,171.33,171.92,4488415
2023-10-25 17:00:00+00:00,171.92,172.05,170.77,171.125,5266938
2023-10-25 18:00:00+00:00,171.12,171.6198,170.94,171.09,4262404
2023-10-25 19:00:00+00:00,171.095,171.43,170.65,171.09,9740922
2023-10-25 20:00:00+00:00,171.09,171.61,170.5,170.5,11944309
2023-10-25 21:00:00+00:00,170.49,170.7787,170.21,170.4,76639
2023-10-25 22:00:00+00:00,170.48,170.57,169.3204,169.76,229240
2023-10-25 23:00:00+00:00,169.75,169.8,169.3,169.3,106434
2023-10-26 08:00:00+00:00,169.2,169.51,168.7,169.0,66634
2023-10-26 09:00:00+00:00,168.99,169.5,168.95,169.24,27433
2023-10-26 10:00:00+00:00,169.33,169.8,169.25,169.51,51079
2023-10-26 11:00:00+00:00,169.38,169.61,169.1,169.6,80415
2023-10-26 12:00:00+00:00,169.5387,171.1,168.16,170.6,484230
2023-10-26 13:00:00+00:00,170.66,171.3775,169.375,169.81,7424119
2023-10-26 14:00:00+00:00,169.78,170.03,167.89,168.315,11204895
2023-10-26 15:00:00+00:00,168.31,168.415,166.52,167.2682,9486373
2023-10-26 16:00:00+00:00,167.26,167.32,165.95,166.075,7161722
2023-10-26 17:00:00+00:00,166.075,166.885,165.67,166.77,6193698
2023-10-26 18:00:00+00:00,166.77,167.71,166.68,167.685,6612049
2023-10-26 19:00:00+00:00,167.68,167.94,166.375,166.76,11246897
2023-10-26 20:00:00+00:00,166.89,167.07,166.52,166.69,9828851
2023-10-26 21:00:00+00:00,166.68,166.69,165.3,166.24,428749
2023-10-26 22:00:00+00:00,166.32,166.89,166.3,166.46,213288
2023-10-26 23:00:00+00:00,166.41,167.25,166.4,167.25,132130
2023-10-27 08:00:00+00:00,167.4,167.68,167.19,167.59,43494
2023-10-27 09:00:00+00:00,167.58,167.68,167.12,167.23,37820
2023-10-27 10:00:00+00:00,167.39,167.52,167.0,167.0,21530
2023-10-27 11:00:00+00:00,167.12,167.3,166.46,166.46,97633
2023-10-27 12:00:00+00:00,167.02,167.47,166.28,167.0898,345407
2023-10-27 13:00:00+00:00,167.0865,168.42,166.65,167.89,7882736
2023-10-27 14:00:00+00:00,167.88,168.77,167.39,168.435,8077657
2023-10-27 15:00:00+00:00,168.44,168.96,168.02,168.37,5001115
2023-10-27 16:00:00+00:00,168.35,168.49,167.29,167.42,3764885
2023-10-27 17:00:00+00:00,167.43,167.91,166.83,167.66,6171175
2023-10-27 18:00:00+00:00,167.65,168.23,167.3,167.62,5975788
2023-10-27 19:00:00+00:00,167.62,168.34,167.49,168.285,9278910
2023-10-27 20:00:00+00:00,168.29,168.3301,167.52,167.88,11656032
2023-10-27 21:00:00+00:00,167.86,168.0,167.78,167.97,61516
2023-10-27 22:00:00+00:00,167.97,168.09,167.97,168.03,14170
2023-10-27 23:00:00+00:00,168.0,168.05,168.0,168.02,14997
2023-10-30 08:00:00+00:00,168.98,169.0,168.6,168.99,28647
2023-10-30 09:00:00+00:00,168.97,169.47,168.96,169.16,17503
2023-10-30 10:00:00+00:00,169.17,169.22,168.96,169.19,47411
2023-10-30 11:00:00+00:00,169.14,169.3,169.1,169.16,43969
2023-10-30 12:00:00+00:00,169.16,169.28,168.35,168.58,253868
2023-10-30 13:00:00+00:00,168.56,171.17,168.37,170.615,7545777
2023-10-30 14:00:00+00:00,170.63,170.9,169.21,169.4414,8695022
2023-10-30 15:00:00+00:00,169.44,170.2,169.425,169.92,4714878
2023-10-30 16:00:00+00:00,169.91,170.0,169.05,169.37,3740315
2023-10-30 17:00:00+00:00,169.37,170.4,169.1834,170.2801,4449841
2023-10-30 18:00:00+00:00,170.28,170.82,170.135,170.5,4599782
2023-10-30 19:00:00+00:00,170.5,170.67,169.8402,170.23,9716380
2023-10-30 20:00:00+00:00,170.24,170.29,169.91,169.96,6667060
2023-10-30 21:00:00+00:00,170.0,170.06,169.92,169.92,278806
2023-10-30 22:00:00+00:00,169.94,169.99,169.8,169.8699,21688
2023-10-30 23:00:00+00:00,169.87,169.91,169.7,169.7,31492
2023-10-31 08:00:00+00:00,169.6,169.8,169.28,169.8,20399
2023-10-31 09:00:00+00:00,169.76,169.82,169.6,169.8,12172
2023-10-31 10:00:00+00:00,169.88,170.15,169.81,169.95,10838
2023-10-31 11:00:00+00:00,169.91,170.1,169.5,169.5,83088
2023-10-31 12:00:00+00:00,169.45,170.19,168.52,169.09,301287
2023-10-31 13:00:00+00:00,169.09,169.45,167.9,168.56,5436609
2023-10-31 14:00:00+00:00,168.55,169.87,168.32,169.71,6722328
2023-10-31 15:00:00+00:00,169.71,169.8155,168.845,169.76,4663675
2023-10-31 16:00:00+00:00,169.75,170.07,169.27,169.9958,3893062
2023-10-31 17:00:00+00:00,170.01,170.75,169.77,170.645,4208798
2023-10-31 18:00:00+00:00,170.64,170.74,169.931,170.53,3421225
2023-10-31 19:00:00+00:00,170.54,170.9,170.38,170.77,6391522
2023-10-31 20:00:00+00:00,170.76,170.77,170.17,170.21,9590951
2023-10-31 21:00:00+00:00,170.23,170.49,170.18,170.37,43861
2023-10-31 22:00:00+00:00,170.37,170.44,170.22,170.3483,13547
2023-10-31 23:00:00+00:00,170.32,170.39,170.02,170.3801,18480
2023-11-01 08:00:00+00:00,170.6,170.6,170.1,170.17,19861
2023-11-01 09:00:00+00:00,170.14,170.15,169.94,170.0,10923
2023-11-01 10:00:00+00:00,170.1,170.1,169.85,170.03,5937
2023-11-01 11:00:00+00:00,170.01,170.1,169.5,169.5,27094
2023-11-01 12:00:00+00:00,170.1,170.8082,169.4504,170.6,205365
2023-11-01 13:00:00+00:00,170.5,171.54,170.12,171.08,5560467
2023-11-01 14:00:00+00:00,171.11,172.08,170.78,171.4579,8625115
2023-11-01 15:00:00+00:00,171.46,172.0,171.0,171.95,4493756
2023-11-01 16:00:00+00:00,171.945,172.18,171.61,172.035,3396539
2023-11-01 17:00:00+00:00,172.035,172.38,171.77,172.19,3651859
2023-11-01 18:00:00+00:00,172.2,173.27,171.91,173.2,8449898
2023-11-01 19:00:00+00:00,173.19,174.23,173.18,173.91,12112446
2023-11-01 20:00:00+00:00,173.92,175.01,173.78,174.29,9855815
2023-11-01 21:00:00+00:00,174.27,174.7,173.97,174.45,396098
2023-11-01 22:00:00+00:00,174.4,174.75,174.36,174.71,47091
2023-11-01 23:00:00+00:00,174.7,175.05,174.7,174.75,71067
2023-11-02 08:00:00+00:00,174.99,175.23,174.7,175.2,46678
2023-11-02 09:00:00+00:00,175.21,175.63,175.18,175.6,42380
2023-11-02 10:00:00+00:00,175.48,175.67,175.33,175.64,30144
2023-11-02 11:00:00+00:00,175.66,175.93,175.51,175.63,127914
2023-11-02 12:00:00+00:00,175.6026,176.8,174.755,176.48,416057
2023-11-02 13:00:00+00:00,176.4,176.79,175.25,176.36,7351771
2023-11-02 14:00:00+00:00,176.35,177.54,176.11,177.44,9446542
2023-11-02 15:00:00+00:00,177.44,177.66,176.4388,176.7986,7467359
2023-11-02 16:00:00+00:00,176.8,177.315,176.41,176.975,6666688
2023-11-02 17:00:00+00:00,176.97,177.61,176.78,177.31,5125012
2023-11-02 18:00:00+00:00,177.3,177.5,177.09,177.455,5456023
2023-11-02 19:00:00+00:00,177.45,177.78,177.17,177.78,14603730
2023-11-02 20:00:00+00:00,177.57,181.9,173.45,175.9,14512895
2023-11-02 21:00:00+00:00,175.9,177.57,169.33,171.53,4420607
2023-11-02 22:00:00+00:00,171.56,173.11,171.11,172.28,1102584
2023-11-02 23:00:00+00:00,172.16,172.38,171.2,171.57,685115
2023-11-03 08:00:00+00:00,172.08,172.63,171.51,171.6,166363
2023-11-03 09:00:00+00:00,171.52,172.11,171.5,172.02,80970
2023-11-03 10:00:00+00:00,172.09,172.3,171.88,172.13,60691
2023-11-03 11:00:00+00:00,172.02,174.53,172.0,174.01,651298
2023-11-03 12:00:00+00:00,172.02,175.3,171.89,174.06,2310038
2023-11-03 13:00:00+00:00,174.11,176.4,173.33,175.35,17627983
2023-11-03 14:00:00+00:00,175.36,175.94,174.46,175.7201,13437048
2023-11-03 15:00:00+00:00,175.725,175.79,174.6,175.4301,7267699
2023-11-03 16:00:00+00:00,175.44,176.49,175.309,176.1993,7425003
2023-11-03 17:00:00+00:00,176.1803,176.42,175.18,175.56,5559941
2023-11-03 18:00:00+00:00,175.56,176.24,175.07,176.11,5772564
2023-11-03 19:00:00+00:00,176.11,176.82,175.85,176.63,10561079
2023-11-03 20:00:00+00:00,176.56,176.85,176.56,176.74,8222026
2023-11-03 21:00:00+00:00,176.7201,176.81,176.62,176.64,734511
2023-11-03 22:00:00+00:00,176.64,176.6918,176.64,176.69,21390
2023-11-03 23:00:00+00:00,176.69,176.71,176.61,176.66,44032
2023-11-06 09:00:00+00:00,177.03,177.2,176.75,176.96,45348
2023-11-06 10:00:00+00:00,176.95,176.98,176.8,176.86,10913
2023-11-06 11:00:00+00:00,176.79,176.83,176.58,176.83,20301
2023-11-06 12:00:00+00:00,176.8,176.83,176.32,176.41,144562
2023-11-06 13:00:00+00:00,176.8,177.2,176.07,176.3,2505172
2023-11-06 14:00:00+00:00,176.23,178.75,176.01,178.58,11271823
2023-11-06 15:00:00+00:00,178.59,179.06,177.9,178.755,9569604
2023-11-06 16:00:00+00:00,178.75,179.43,178.72,179.26,6799666
2023-11-06 17:00:00+00:00,179.255,179.265,178.64,178.89,4605871
2023-11-06 18:00:00+00:00,178.89,178.8936,178.01,178.3503,4777940
2023-11-06 19:00:00+00:00,178.36,179.22,178.1199,179.2101,4825856
2023-11-06 20:00:00+00:00,179.21,179.33,178.7,179.29,9287755
2023-11-06 21:00:00+00:00,179.3,179.3,178.97,179.09,9872402
2023-11-06 22:00:00+00:00,179.09,179.16,179.04,179.06,36032
2023-11-06 23:00:00+00:00,179.07,179.07,178.91,178.98,25828
2023-11-07 00:00:00+00:00,178.95,178.98,178.85,178.98,17815
2023-11-07 09:00:00+00:00,178.88,178.88,178.47,178.5,10494
2023-11-07 10:00:00+00:00,178.4,178.68,178.4,178.49,8382
2023-11-07 11:00:00+00:00,178.5,178.5,178.22,178.41,38064
2023-11-07 12:00:00+00:00,178.5,178.69,178.33,178.66,42496
2023-11-07 13:00:00+00:00,178.48,178.97,178.36,178.85,2281444
2023-11-07 14:00:00+00:00,178.85,180.53,178.65,180.195,8797853
2023-11-07 15:00:00+00:00,180.19,181.27,180.14,181.215,9733906
2023-11-07 16:00:00+00:00,181.215,181.64,181.08,181.47,6287323
2023-11-07 17:00:00+00:00,181.48,181.59,180.52,181.575,7121512
2023-11-07 18:00:00+00:00,181.58,182.44,181.525,182.37,6979732
2023-11-07 19:00:00+00:00,182.3702,182.43,181.9,182.0401,4694482
2023-11-07 20:00:00+00:00,182.05,182.34,181.55,181.88,11025538
2023-11-07 21:00:00+00:00,181.89,181.94,181.71,181.84,13215740
2023-11-07 22:00:00+00:00,181.86,181.94,181.82,181.83,201982
2023-11-07 23:00:00+00:00,181.83,181.94,181.73,181.89,28068
2023-11-08 00:00:00+00:00,181.86,182.3,181.75,182.22,49449
2023-11-08 09:00:00+00:00,181.86,181.96,181.66,181.92,23299
2023-11-08 10:00:00+00:00,181.88,181.98,181.82,181.9,18616
2023-11-08 11:00:00+00:00,181.9,181.9,181.81,181.84,21602
2023-11-08 12:00:00+00:00,181.82,181.85,181.61,181.85,49816
2023-11-08 13:00:00+00:00,181.7,182.06,181.39,181.53,147883
2023-11-08 14:00:00+00:00,181.56,183.45,181.51,182.96,8439454
2023-11-08 15:00:00+00:00,182.98,183.33,182.2851,182.58,8513414
2023-11-08 16:00:00+00:00,182.585,182.85,182.0,182.01,5442428
2023-11-08 17:00:00+00:00,182.02,182.29,181.59,182.1501,4418397
2023-11-08 18:00:00+00:00,182.16,182.7475,182.0,182.5933,3483346
2023-11-08 19:00:00+00:00,182.59,182.89,182.37,182.43,3729429
2023-11-08 20:00:00+00:00,182.43,183.01,182.41,182.89,8050421
2023-11-08 21:00:00+00:00,182.905,182.94,182.72,182.77,6858615
2023-11-08 22:00:00+00:00,182.76,182.89,182.76,182.79,33159
2023-11-08 23:00:00+00:00,182.79,182.79,182.33,182.6,51041
2023-11-09 00:00:00+00:00,182.6,182.72,182.43,182.43,34043
2023-11-09 09:00:00+00:00,182.69,182.69,181.51,182.15,47767
2023-11-09 10:00:00+00:00,182.11,182.48,182.1,182.4,14061
2023-11-09 11:00:00+00:00,182.34,182.34,182.11,182.11,11763
2023-11-09 12:00:00+00:00,182.22,182.6,182.2,182.39,63826
2023-11-09 13:00:00+00:00,182.6,182.8,182.16,182.6486,128993
2023-11-09 14:00:00+00:00,182.6,183.55,182.4029,183.299,5858458
2023-11-09 15:00:00+00:00,183.29,183.415,182.48,183.36,6708992
2023-11-09 16:00:00+00:00,183.35,184.12,183.325,183.97,6767799
2023-11-09 17:00:00+00:00,183.97,184.015,183.51,183.93,3990608
2023-11-09 18:00:00+00:00,183.93,183.97,182.69,183.1188,7551115
2023-11-09 19:00:00+00:00,183.11,183.11,182.16,182.375,5347700
2023-11-09 20:00:00+00:00,182.37,182.48,181.81,182.44,8471506
2023-11-09 21:00:00+00:00,182.44,182.64,182.21,182.49,8615497
2023-11-09 22:00:00+00:00,182.47,182.6,182.28,182.29,61821
2023-11-09 23:00:00+00:00,182.28,182.43,182.21,182.35,87812
2023-11-10 00:00:00+00:00,182.39,182.49,182.12,182.38,22753
2023-11-10 09:00:00+00:00,182.08,182.32,181.78,182.32,32460
2023-11-10 10:00:00+00:00,182.17,182.17,181.92,182.16,14009
2023-11-10 11:00:00+00:00,182.1,182.17,181.89,182.04,13896
2023-11-10 12:00:00+00:00,182.05,183.0,182.04,182.99,63036
2023-11-10 13:00:00+00:00,182.07,183.45,181.71,183.37,174619
2023-11-10 14:00:00+00:00,183.3603,184.79,183.21,184.18,8024448
2023-11-10 15:00:00+00:00,184.17,184.49,183.53,184.32,7904978
2023-11-10 16:00:00+00:00,184.33,184.94,184.3,184.73,5488732
2023-11-10 17:00:00+00:00,184.73,185.43,184.66,185.2837,6356120
2023-11-10 18:00:00+00:00,185.28,185.83,185.16,185.7401,5270233
2023-11-10 19:00:00+00:00,185.75,185.975,185.555,185.5801,5540019
2023-11-10 20:00:00+00:00,185.585,186.565,185.58,186.34,13085054
2023-11-10 21:00:00+00:00,186.34,186.51,186.01,186.11,13943363
2023-11-10 22:00:00+00:00,186.11,186.4,185.94,186.01,211358
2023-11-10 23:00:00+00:00,186.0,186.1,185.95,186.03,27278
2023-11-11 00:00:00+00:00,186.03,186.26,186.0,186.26,23808
2023-11-13 09:00:00+00:00,185.35,185.7,185.35,185.61,21025
2023-11-13 10:00:00+00:00,185.6,185.75,185.55,185.75,11891
2023-11-13 11:00:00+00:00,185.74,185.75,185.47,185.7,21051
2023-11-13 12:00:00+00:00,185.7,186.4,185.7,186.13,152667
2023-11-13 13:00:00+00:00,185.7519,186.39,185.03,185.69,187845
2023-11-13 14:00:00+00:00,185.7,186.03,184.27,184.6,6825427
2023-11-13 15:00:00+00:00,184.6,184.97,184.21,184.645,6874614
2023-11-13 16:00:00+00:00,184.64,185.14,184.64,184.79,4990265
2023-11-13 17:00:00+00:00,184.79,184.9,184.39,184.82,4264839
2023-11-13 18:00:00+00:00,184.82,184.99,184.46,184.7228,2841196
2023-11-13 19:00:00+00:00,184.7275,185.01,184.6,184.95,2903676
2023-11-13 20:00:00+00:00,184.94,185.08,184.6105,184.77,6751762
2023-11-13 21:00:00+00:00,184.77,184.84,184.6,184.72,7688318
2023-11-13 22:00:00+00:00,184.69,184.79,184.69,184.77,17504
2023-11-13 23:00:00+00:00,184.71,184.95,184.71,184.8999,20039
2023-11-14 00:00:00+00:00,184.83,185.02,184.83,185.02,19329
2023-11-14 09:00:00+00:00,184.99,185.47,184.99,185.15,13632
2023-11-14 10:00:00+00:00,185.12,185.28,185.0,185.0,16663
2023-11-14 11:00:00+00:00,185.05,185.07,185.0,185.05,3014
2023-11-14 12:00:00+00:00,185.15,185.2,185.0,185.05,25410
2023-11-14 13:00:00+00:00,185.06,188.1,184.97,187.8,3212375
2023-11-14 14:00:00+00:00,187.75,187.96,186.3,187.26,9327888
2023-11-14 15:00:00+00:00,187.265,187.52,186.85,187.025,7207202
2023-11-14 16:00:00+00:00,187.03,187.16,186.41,186.66,4774016
2023-11-14 17:00:00+00:00,186.66,187.46,186.61,187.4301,4269147
2023-11-14 18:00:00+00:00,187.44,187.5,187.11,187.1901,3958982
2023-11-14 19:00:00+00:00,187.2,187.99,186.82,187.905,6121336
2023-11-14 20:00:00+00:00,187.9,188.11,187.21,187.44,10607065
2023-11-14 21:00:00+00:00,187.44,187.57,187.13,187.2,10251175
2023-11-14 22:00:00+00:00,187.2,187.32,187.13,187.25,223460
2023-11-14 23:00:00+00:00,187.24,187.4309,187.21,187.33,32690
2023-11-15 00:00:00+00:00,187.31,187.4,187.18,187.3301,27178
2023-11-15 09:00:00+00:00,187.82,187.86,187.7,187.78,13333
2023-11-15 10:00:00+00:00,187.8,188.05,187.8,188.01,11120
2023-11-15 11:00:00+00:00,187.95,188.09,187.95,188.0,6617
2023-11-15 12:00:00+00:00,187.97,188.52,187.97,188.3,119572
2023-11-15 13:00:00+00:00,188.1009,188.88,187.44,187.86,1424333
2023-11-15 14:00:00+00:00,187.89,188.7,187.44,188.24,6630356
2023-11-15 15:00:00+00:00,188.225,189.24,187.85,189.175,7729482
2023-11-15 16:00:00+00:00,189.175,189.5,188.61,188.759,6684935
2023-11-15 17:00:00+00:00,188.76,189.17,188.53,188.7997,4292252
2023-11-15 18:00:00+00:00,188.79,189.08,188.465,188.94,4078388
2023-11-15 19:00:00+00:00,188.95,188.96,188.17,188.3126,3717157
2023-11-15 20:00:00+00:00,188.32,188.56,187.78,188.09,8079240
2023-11-15 21:00:00+00:00,188.11,188.28,187.84,188.1,10578974
2023-11-15 22:00:00+00:00,188.1,188.18,188.01,188.0217,191200
2023-11-15 23:00:00+00:00,188.07,189.64,188.07,189.0,95566
2023-11-16 00:00:00+00:00,188.85,189.0,188.63,188.7,54389
2023-11-16 09:00:00+00:00,188.2,188.6,188.2,188.36,11771
2023-11-16 10:00:00+00:00,188.22,188.4,188.21,188.3,11352
2023-11-16 11:00:00+00:00,188.26,188.3,187.9,188.05,29572
2023-11-16 12:00:00+00:00,188.21,188.3,187.7,188.2,91767
2023-11-16 13:00:00+00:00,188.15,189.18,187.81,189.12,326684
2023-11-16 14:00:00+00:00,189.13,190.96,188.92,190.69,13554269
2023-11-16 15:00:00+00:00,190.685,190.85,189.01,189.455,8430058
2023-11-16 16:00:00+00:00,189.46,189.57,188.72,189.29,5630495
2023-11-16 17:00:00+00:00,189.29,189.98,189.19,189.755,4158160
2023-11-16 18:00:00+00:00,189.76,189.78,188.65,189.28,3876214
2023-11-16 19:00:00+00:00,189.285,189.735,189.215,189.575,3886642
2023-11-16 20:00:00+00:00,189.57,189.87,189.3303,189.77,7958141
2023-11-16 21:00:00+00:00,189.76,190.16,189.67,190.1,6248016
2023-11-16 22:00:00+00:00,190.14,190.16,189.95,189.96,75923
2023-11-16 23:00:00+00:00,190.03,190.04,189.73,190.04,37376
2023-11-17 00:00:00+00:00,190.05,190.52,190.05,190.51,74510
2023-11-17 09:00:00+00:00,189.8,190.3,189.8,190.05,25216
2023-11-17 10:00:00+00:00,190.06,190.31,190.06,190.15,19324
2023-11-17 11:00:00+00:00,190.15,190.18,189.82,190.0,13904
2023-11-17 12:00:00+00:00,190.08,190.29,190.0,190.1,50816
2023-11-17 13:00:00+00:00,190.15,190.39,189.63,189.95,191816
2023-11-17 14:00:00+00:00,189.91,190.4,189.14,189.77,9094775
2023-11-17 15:00:00+00:00,189.77,189.78,188.57,189.5709,8322411
2023-11-17 16:00:00+00:00,189.57,189.6,188.82,189.245,4531291
2023-11-17 17:00:00+00:00,189.245,189.46,188.89,189.25,3217696
2023-11-17 18:00:00+00:00,189.25,189.7401,189.085,189.5386,3250004
2023-11-17 19:00:00+00:00,189.54,189.97,189.535,189.97,3773250
2023-11-17 20:00:00+00:00,189.97,190.18,189.52,189.71,8444498
2023-11-17 21:00:00+00:00,189.69,189.97,189.6,189.95,9341150
2023-11-17 22:00:00+00:00,189.88,190.04,189.69,189.93,626682
2023-11-17 23:00:00+00:00,189.9,189.97,189.78,189.95,5488
2023-11-18 00:00:00+00:00,189.9,189.9,189.69,189.69,9974
2023-11-20 09:00:00+00:00,189.52,189.6,188.92,189.57,44507
2023-11-20 10:00:00+00:00,189.55,189.68,189.5,189.67,21888
2023-11-20 11:00:00+00:00,189.67,189.88,189.58,189.59,15119
2023-11-20 12:00:00+00:00,189.67,189.68,189.4,189.5,33482
2023-11-20 13:00:00+00:00,189.68,190.25,189.13,190.15,218085
2023-11-20 14:00:00+00:00,190.13,191.669,189.55,191.22,6914156
2023-11-20 15:00:00+00:00,191.22,191.3687,190.43,191.1121,6387227
2023-11-20 16:00:00+00:00,191.12,191.37,191.0101,191.3199,4002881
2023-11-20 17:00:00+00:00,191.32,191.55,191.08,191.15,3354819
2023-11-20 18:00:00+00:00,191.16,191.8,191.13,191.6825,4773891
2023-11-20 19:00:00+00:00,191.685,191.77,191.33,191.59,3445650
2023-11-20 20:00:00+00:00,191.59,191.905,191.16,191.5,7620570
2023-11-20 21:00:00+00:00,191.5,191.52,191.41,191.5,9453852
2023-11-20 22:00:00+00:00,191.45,191.54,191.45,191.5,32586
2023-11-20 23:00:00+00:00,191.53,191.62,191.47,191.51,24183
2023-11-21 00:00:00+00:00,191.54,191.65,191.46,191.65,14338
2023-11-21 09:00:00+00:00,191.41,191.41,191.1,191.12,7269
2023-11-21 10:00:00+00:00,191.2,191.2,191.18,191.18,677
2023-11-21 11:00:00+00:00,191.2,191.25,190.92,191.13,24465
2023-11-21 12:00:00+00:00,191.15,191.44,191.05,191.15,36965
2023-11-21 13:00:00+00:00,191.15,191.54,190.59,190.6,197835
2023-11-21 14:00:00+00:00,190.58,191.52,190.495,190.82,5302845
2023-11-21 15:00:00+00:00,190.835,191.08,190.07,190.2475,6697967
2023-11-21 16:00:00+00:00,190.25,190.31,189.74,190.2219,4067258
2023-11-21 17:00:00+00:00,190.235,190.595,190.09,190.53,3209508
2023-11-21 18:00:00+00:00,190.529,190.6,190.04,190.42,2948341
2023-11-21 19:00:00+00:00,190.41,190.615,190.19,190.5175,3066436
2023-11-21 20:00:00+00:00,190.51,190.73,190.29,190.65,7424442
2023-11-21 21:00:00+00:00,190.64,190.77,190.25,190.56,5012139
2023-11-21 22:00:00+00:00,190.57,190.75,190.47,190.66,25727
2023-11-21 23:00:00+00:00,190.62,190.62,190.37,190.51,33950
2023-11-22 00:00:00+00:00,190.55,190.59,190.3,190.3,32243
2023-11-22 09:00:00+00:00,190.38,190.5,190.38,190.5,12208
2023-11-22 10:00:00+00:00,190.51,190.98,190.5,190.88,12765
2023-11-22 11:00:00+00:00,190.8,190.94,190.69,190.7,11826
2023-11-22 12:00:00+00:00,190.7,191.15,190.69,191.02,69757
2023-11-22 13:00:00+00:00,190.72,191.18,190.1,191.1785,159660
2023-11-22 14:00:00+00:00,191.15,192.93,191.11,191.9125,7822627
2023-11-22 15:00:00+00:00,191.92,192.37,191.39,191.45,6286072
2023-11-22 16:00:00+00:00,191.455,191.865,191.44,191.6623,3527773
2023-11-22 17:00:00+00:00,191.665,191.96,191.55,191.905,3498256
2023-11-22 18:00:00+00:00,191.9,192.09,191.53,191.63,3611173
2023-11-22 19:00:00+00:00,191.62,191.71,190.825,191.3501,3764292
2023-11-22 20:00:00+00:00,191.35,191.7,191.22,191.3,5284341
2023-11-22 21:00:00+00:00,191.3,191.47,191.23,191.3,5438486
2023-11-22 22:00:00+00:00,191.35,191.35,191.23,191.31,79540
2023-11-22 23:00:00+00:00,191.32,191.34,191.22,191.31,4906
2023-11-23 00:00:00+00:00,191.25,191.31,191.22,191.26,8722
2023-11-24 09:00:00+00:00,191.26,191.26,191.1,191.1,4503
2023-11-24 10:00:00+00:00,191.08,191.1,190.97,191.1,9966
2023-11-24 11:00:00+00:00,191.1,191.1,190.72,190.76,15038
2023-11-24 12:00:00+00:00,190.8,190.9,190.67,190.77,30381
2023-11-24 13:00:00+00:00,190.7989,191.35,190.59,190.85,95854
2023-11-24 14:00:00+00:00,190.88,190.9,189.69,190.0,4581689
2023-11-24 15:00:00+00:00,189.99,190.09,189.25,189.485,5631990
2023-11-24 16:00:00+00:00,189.49,189.7889,189.35,189.6,4462012
2023-11-24 17:00:00+00:00,189.6,190.0,189.5,189.98,5335888
2023-11-24 18:00:00+00:00,189.97,190.0,189.84,189.9,3803834
2023-11-24 19:00:00+00:00,189.9,190.0,189.85,189.92,40750
2023-11-24 20:00:00+00:00,189.97,190.09,189.94,189.99,5696
2023-11-24 21:00:00+00:00,189.97,189.99,189.9,189.9,3176
2023-11-27 09:00:00+00:00,189.6,189.6,189.2,189.28,17024
2023-11-27 10:00:00+00:00,189.27,189.51,189.27,189.51,5547
2023-11-27 11:00:00+00:00,189.55,189.55,189.38,189.4,6603
2023-11-27 12:00:00+00:00,189.4,189.7,189.39,189.63,31703
2023-11-27 13:00:00+00:00,189.67,190.07,188.9,189.61,137893
2023-11-27 14:00:00+00:00,189.6634,190.39,188.9,189.25,5222145
2023-11-27 15:00:00+00:00,189.25,189.91,189.01,189.335,4968404
2023-11-27 16:00:00+00:00,189.33,190.42,189.045,190.27,4843727
2023-11-27 17:00:00+00:00,190.27,190.51,190.205,190.45,3095502
2023-11-27 18:00:00+00:00,190.459,190.67,190.02,190.12,3306434
2023-11-27 19:00:00+00:00,190.13,190.19,189.52,189.885,2710243
2023-11-27 20:00:00+00:00,189.885,190.06,189.605,189.78,6265349
2023-11-27 21:00:00+00:00,189.78,190.14,189.78,189.95,9792955
2023-11-27 22:00:00+00:00,189.95,190.1,189.91,190.08,43439
2023-11-27 23:00:00+00:00,190.05,190.2,190.05,190.16,46199
2023-11-28 00:00:00+00:00,190.13,190.17,189.88,190.15,23415
2023-11-28 09:00:00+00:00,189.9,189.92,189.75,189.92,14459
2023-11-28 10:00:00+00:00,189.87,189.98,189.86,189.98,7849
2023-11-28 11:00:00+00:00,190.0,190.13,189.89,189.89,18323
2023-11-28 12:00:00+00:00,190.01,190.07,189.63,189.63,35710
2023-11-28 13:00:00+00:00,190.05,190.1,189.41,190.08,382586
2023-11-28 14:00:00+00:00,190.06,190.27,189.4,189.72,4199613
2023-11-28 15:00:00+00:00,189.715,190.61,189.715,190.145,5977932
2023-11-28 16:00:00+00:00,190.145,191.08,190.08,190.71,4426586
2023-11-28 17:00:00+00:00,190.715,190.81,190.225,190.3,2832013
2023-11-28 18:00:00+00:00,190.3,190.3,189.76,189.91,3878631
2023-11-28 19:00:00+00:00,189.915,190.11,189.66,190.035,3210302
2023-11-28 20:00:00+00:00,190.05,190.4,189.585,190.39,6600664
2023-11-28 21:00:00+00:00,190.39,190.45,189.0,189.35,6352122
2023-11-28 22:00:00+00:00,189.39,190.4,189.23,189.5,402205
2023-11-28 23:00:00+00:00,189.46,189.8012,189.45,189.77,35586
2023-11-29 00:00:00+00:00,189.77,189.95,189.55,189.94,25099
2023-11-29 09:00:00+00:00,189.9,190.3,189.8,190.3,37448
2023-11-29 10:00:00+00:00,190.3,190.38,190.26,190.26,4545
2023-11-29 11:00:00+00:00,190.22,190.46,190.17,190.46,14347
2023-11-29 12:00:00+00:00,190.4,190.68,190.28,190.47,99901
2023-11-29 13:00:00+00:00,190.36,191.03,189.72,190.7,190529
2023-11-29 14:00:00+00:00,190.76,192.09,190.4434,191.74,5294029
2023-11-29 15:00:00+00:00,191.74,191.82,190.6,190.925,5818225
2023-11-29 16:00:00+00:00,190.935,190.955,189.9103,189.92,4948698
2023-11-29 17:00:00+00:00,189.9201,189.93,189.52,189.7022,3149321
2023-11-29 18:00:00+00:00,189.71,189.755,189.18,189.465,3025200
2023-11-29 19:00:00+00:00,189.47,189.5,189.05,189.33,3079225
2023-11-29 20:00:00+00:00,189.33,189.445,188.97,189.35,6258350
2023-11-29 21:00:00+00:00,189.37,189.56,189.31,189.37,10941160
2023-11-29 22:00:00+00:00,189.39,189.489,189.39,189.48,17341
2023-11-29 23:00:00+00:00,189.45,189.55,189.41,189.5,16882
2023-11-30 00:00:00+00:00,189.45,189.63,189.43,189.61,31407
2023-11-30 09:00:00+00:00,189.44,189.6,189.31,189.5,6601
2023-11-30 10:00:00+00:00,189.45,189.5,189.44,189.44,1953
2023-11-30 11:00:00+00:00,189.51,189.52,189.38,189.4,7530
2023-11-30 12:00:00+00:00,189.56,190.05,189.56,189.98,39055
2023-11-30 13:00:00+00:00,189.61,190.2,189.51,189.72,764711
2023-11-30 14:00:00+00:00,189.7,190.32,189.05,189.205,4479456
2023-11-30 15:00:00+00:00,189.21,189.35,188.34,188.76,6124985
2023-11-30 16:00:00+00:00,188.75,188.919,188.19,188.24,3838348
2023-11-30 17:00:00+00:00,188.25,188.7595,188.19,188.7023,2910399
2023-11-30 18:00:00+00:00,188.7,188.7679,188.27,188.5099,2639605
2023-11-30 19:00:00+00:00,188.51,189.21,188.5,189.175,3056376
2023-11-30 20:00:00+00:00,189.175,190.2,188.69,189.95,9085696
2023-11-30 21:00:00+00:00,189.94,190.26,189.79,189.87,15654679
2023-11-30 22:00:00+00:00,189.89,190.08,189.87,190.01,72630
2023-11-30 23:00:00+00:00,189.95,190.23,189.93,190.11,34743
2023-12-01 00:00:00+00:00,190.1,190.3,190.06,190.3,57700
2023-12-01 09:00:00+00:00,189.98,190.28,189.97,190.08,13601
2023-12-01 10:00:00+00:00,190.08,190.1,189.87,189.87,8712
2023-12-01 11:00:00+00:00,189.85,190.06,189.85,189.95,3765
2023-12-01 12:00:00+00:00,189.95,189.97,189.55,189.61,52767
2023-12-01 13:00:00+00:00,189.75,190.15,189.51,189.54,91876
2023-12-01 14:00:00+00:00,189.54,190.49,189.23,189.96,4818115
2023-12-01 15:00:00+00:00,189.97,190.5,189.913,190.34,6038292
2023-12-01 16:00:00+00:00,190.35,191.25,190.18,191.04,6609219
2023-12-01 17:00:00+00:00,191.045,191.54,190.9601,191.4982,3739484
2023-12-01 18:00:00+00:00,191.5,191.56,190.8201,191.17,3342601
2023-12-01 19:00:00+00:00,191.18,191.34,190.91,191.28,3093770
2023-12-01 20:00:00+00:00,191.265,191.38,190.8816,191.26,7760008
2023-12-01 21:00:00+00:00,191.25,191.34,191.06,191.15,9280982
2023-12-01 22:00:00+00:00,191.14,191.32,191.06,191.32,758724
2023-12-01 23:00:00+00:00,191.29,191.32,191.15,191.25,62171
2023-12-02 00:00:00+00:00,191.28,191.33,191.27,191.33,10300
2023-12-04 09:00:00+00:00,190.7,190.82,190.19,190.31,27080
2023-12-04 10:00:00+00:00,190.3,190.36,190.16,190.18,15806
2023-12-04 11:00:00+00:00,190.2,190.33,190.0,190.0,20150
2023-12-04 12:00:00+00:00,190.09,190.25,189.78,190.22,59864
2023-12-04 13:00:00+00:00,190.11,191.24,189.76,189.9051,149689
2023-12-04 14:00:00+00:00,189.86,190.05,188.93,189.3972,6506792
2023-12-04 15:00:00+00:00,189.4,189.64,187.75,188.03,7536712
2023-12-04 16:00:00+00:00,188.02,188.42,187.4511,188.3601,4916602
2023-12-04 17:00:00+00:00,188.365,188.77,188.19,188.67,3251884
2023-12-04 18:00:00+00:00,188.67,188.81,188.49,188.665,2690416
2023-12-04 19:00:00+00:00,188.665,189.13,188.495,189.0117,3078689
2023-12-04 20:00:00+00:00,189.01,189.66,188.72,189.45,7523610
2023-12-04 21:00:00+00:00,189.43,189.43,189.07,189.18,7327758
2023-12-04 22:00:00+00:00,189.17,189.43,189.16,189.25,134524
2023-12-04 23:00:00+00:00,189.2,189.2,189.05,189.05,11579
2023-12-05 00:00:00+00:00,189.09,189.29,189.03,189.21,18466
2023-12-05 09:00:00+00:00,188.7,189.38,188.6,188.72,31917
2023-12-05 10:00:00+00:00,188.6,188.77,188.0,188.67,83886
2023-12-05 11:00:00+00:00,188.76,188.86,188.56,188.57,46234
2023-12-05 12:00:00+00:00,188.64,190.5,188.61,190.26,176371
2023-12-05 13:00:00+00:00,188.605,190.49,188.15,190.05,224059
2023-12-05 14:00:00+00:00,190.06,193.35,189.84,192.69,13318947
2023-12-05 15:00:00+00:00,192.66,194.36,192.61,194.26,12978943
2023-12-05 16:00:00+00:00,194.265,194.4,192.62,193.2141,6880740
2023-12-05 17:00:00+00:00,193.22,193.83,192.95,193.62,4982482
2023-12-05 18:00:00+00:00,193.63,193.66,192.85,192.91,5181192
2023-12-05 19:00:00+00:00,192.91,193.31,192.75,193.22,4131158
2023-12-05 20:00:00+00:00,193.2201,193.54,192.87,193.5,9024749
2023-12-05 21:00:00+00:00,193.5,193.5,193.31,193.4,8362094
2023-12-05 22:00:00+00:00,193.41,193.41,193.2,193.23,916948
2023-12-05 23:00:00+00:00,193.22,193.42,192.895,193.33,214290
2023-12-06 00:00:00+00:00,193.33,193.9,193.33,193.79,80035
2023-12-06 09:00:00+00:00,193.78,193.93,193.54,193.55,40818
2023-12-06 10:00:00+00:00,193.55,193.78,193.55,193.66,6722
2023-12-06 11:00:00+00:00,193.64,193.69,193.3,193.45,20398
2023-12-06 12:00:00+00:00,193.45,193.55,193.25,193.53,49673
2023-12-06 13:00:00+00:00,193.5,194.05,193.25,194.04,256120
2023-12-06 14:00:00+00:00,194.04,194.76,192.96,193.15,6505817
2023-12-06 15:00:00+00:00,193.14,193.165,192.205,192.6529,6548362
2023-12-06 16:00:00+00:00,192.67,193.34,192.47,193.04,4209641
2023-12-06 17:00:00+00:00,193.03,193.0979,192.65,192.7,3170033
2023-12-06 18:00:00+00:00,192.69,193.235,192.37,193.1494,2834615
2023-12-06 19:00:00+00:00,193.1501,193.21,192.75,192.91,2572402
2023-12-06 20:00:00+00:00,192.9135,192.94,192.11,192.33,7094421
2023-12-06 21:00:00+00:00,192.33,192.45,192.21,192.26,7667369
2023-12-06 22:00:00+00:00,192.3,192.38,192.22,192.23,59875
2023-12-06 23:00:00+00:00,192.23,192.31,192.2197,192.22,13350
2023-12-07 00:00:00+00:00,192.22,192.26,192.11,192.2,18813
2023-12-07 09:00:00+00:00,192.22,192.38,191.81,192.32,19345
2023-12-07 10:00:00+00:00,192.39,192.4,192.12,192.4,14757
2023-12-07 11:00:00+00:00,192.27,192.36,192.22,192.29,5335
2023-12-07 12:00:00+00:00,192.3,192.43,192.25,192.35,13707
2023-12-07 13:00:00+00:00,192.26,193.17,191.88,192.94,135138
2023-12-07 14:00:00+00:00,193.0,194.92,192.93,193.89,8208414
2023-12-07 15:00:00+00:00,193.89,194.98,193.88,194.7937,6424947
2023-12-07 16:00:00+00:00,194.8,194.9,194.02,194.87,4386176
2023-12-07 17:00:00+00:00,194.87,195.0,194.51,194.515,4186741
2023-12-07 18:00:00+00:00,194.52,194.78,194.23,194.32,4651135
2023-12-07 19:00:00+00:00,194.32,194.4911,194.13,194.15,2684496
2023-12-07 20:00:00+00:00,194.15,194.35,194.01,194.24,6261993
2023-12-07 21:00:00+00:00,194.21,194.29,193.85,193.9625,10301808
2023-12-07 22:00:00+00:00,194.0,194.14,193.97,194.06,11451
2023-12-07 23:00:00+00:00,194.0616,194.17,194.06,194.1001,19254
2023-12-08 00:00:00+00:00,194.11,194.15,194.05,194.0814,14739
2023-12-08 09:00:00+00:00,194.0,194.17,194.0,194.13,5108
2023-12-08 10:00:00+00:00,194.13,194.3,194.13,194.23,8552
2023-12-08 11:00:00+00:00,194.22,194.33,194.0,194.0,17778
2023-12-08 12:00:00+00:00,193.9,194.05,193.78,194.05,25238
2023-12-08 13:00:00+00:00,193.85,194.39,193.44,194.1,395476
2023-12-08 14:00:00+00:00,194.11,194.55,193.65,193.82,6382217
2023-12-08 15:00:00+00:00,193.82,195.0,193.82,194.9799,7135322
2023-12-08 16:00:00+00:00,194.975,195.0,194.271,194.4501,4102574
2023-12-08 17:00:00+00:00,194.455,195.3,194.335,195.1701,5804961
2023-12-08 18:00:00+00:00,195.18,195.6353,195.02,195.6137,4510380
2023-12-08 19:00:00+00:00,195.62,195.98,195.45,195.8299,4762777
2023-12-08 20:00:00+00:00,195.835,195.99,195.41,195.72,7829790
2023-12-08 21:00:00+00:00,195.72,195.77,195.61,195.69,11365477
2023-12-08 22:00:00+00:00,195.71,195.74,195.1825,195.71,1003411
2023-12-08 23:00:00+00:00,195.72,195.73,195.66,195.71,17977
2023-12-09 00:00:00+00:00,195.7,195.79,195.68,195.79,9299
2023-12-11 09:00:00+00:00,195.01,195.05,194.8,194.8,43506
2023-12-11 10:00:00+00:00,194.83,194.85,194.61,194.64,38845
2023-12-11 11:00:00+00:00,194.66,194.7,194.46,194.7,22212
2023-12-11 12:00:00+00:00,194.75,195.5,194.74,194.95,125992
2023-12-11 13:00:00+00:00,194.98,195.4763,194.48,194.91,273564
2023-12-11 14:00:00+00:00,194.91,195.19,191.54,192.89,13037423
2023-12-11 15:00:00+00:00,192.9,192.99,191.705,191.96,9497034
2023-12-11 16:00:00+00:00,191.965,192.225,191.42,191.98,7254982
2023-12-11 17:00:00+00:00,191.97,192.39,191.81,192.2142,3691975
2023-12-11 18:00:00+00:00,192.22,192.81,192.15,192.785,4250531
2023-12-11 19:00:00+00:00,192.788,193.005,192.68,192.895,4084326
2023-12-11 20:00:00+00:00,192.9,193.31,192.75,193.19,7733120
2023-12-11 21:00:00+00:00,193.2,193.26,193.18,193.2259,10772484
2023-12-11 22:00:00+00:00,193.22,193.23,193.0997,193.1,32271
2023-12-11 23:00:00+00:00,193.09,193.18,193.01,193.18,13929
2023-12-12 00:00:00+00:00,193.18,193.52,193.18,193.42,39466
2023-12-12 09:00:00+00:00,193.34,193.38,192.75,192.8,20153
2023-12-12 10:00:00+00:00,192.8,192.84,192.29,192.54,41377
2023-12-12 11:00:00+00:00,192.54,192.85,192.54,192.64,6075
2023-12-12 12:00:00+00:00,192.74,193.24,192.65,193.12,60448
2023-12-12 13:00:00+00:00,192.73,193.55,192.23,192.5,1118048
2023-12-12 14:00:00+00:00,192.55,193.39,191.721,192.415,6483233
2023-12-12 15:00:00+00:00,192.4186,193.42,192.26,193.21,6991844
2023-12-12 16:00:00+00:00,193.215,193.62,193.13,193.435,4211347
2023-12-12 17:00:00+00:00,193.435,193.51,193.07,193.43,3167063
2023-12-12 18:00:00+00:00,193.43,194.1465,193.37,194.0611,5016112
2023-12-12 19:00:00+00:00,194.065,194.34,193.99,194.2428,3992679
2023-12-12 20:00:00+00:00,194.25,194.72,194.21,194.67,7821923
2023-12-12 21:00:00+00:00,194.71,194.8,194.56,194.7201,13064983
2023-12-12 22:00:00+00:00,194.75,194.75,194.65,194.66,36928
2023-12-12 23:00:00+00:00,194.67,194.79,194.67,194.7401,27023
2023-12-13 00:00:00+00:00,194.78,194.83,194.6601,194.7699,19202
2023-12-13 09:00:00+00:00,194.51,194.75,194.51,194.6,7512
2023-12-13 10:00:00+00:00,194.65,194.65,194.41,194.51,13664
2023-12-13 11:00:00+00:00,194.51,195.36,194.51,195.36,67931
2023-12-13 12:00:00+00:00,195.18,195.46,195.0,195.4,61464
2023-12-13 13:00:00+00:00,195.1,196.19,194.53,195.89,399787
2023-12-13 14:00:00+00:00,195.83,196.58,194.71,195.91,7777009
2023-12-13 15:00:00+00:00,195.9,196.7381,195.8,196.322,7551885
2023-12-13 16:00:00+00:00,196.33,196.46,195.65,195.9501,5628705
2023-12-13 17:00:00+00:00,195.955,196.11,195.48,196.095,4098284
2023-12-13 18:00:00+00:00,196.095,196.92,196.05,196.47,5873052
2023-12-13 19:00:00+00:00,196.48,198.0,196.48,197.91,11463640
2023-12-13 20:00:00+00:00,197.915,197.98,196.57,197.88,13203528
2023-12-13 21:00:00+00:00,197.88,197.98,197.51,197.86,12468020
2023-12-13 22:00:00+00:00,197.85,198.24,197.7,198.1,1062626
2023-12-13 23:00:00+00:00,198.1,198.14,197.76,197.88,177389
2023-12-14 00:00:00+00:00,197.95,198.78,197.84,198.53,152235
2023-12-14 09:00:00+00:00,198.53,198.6,197.8,197.99,57976
2023-12-14 10:00:00+00:00,197.99,198.28,197.91,198.19,22116
2023-12-14 11:00:00+00:00,198.09,198.1,197.78,197.95,25154
2023-12-14 12:00:00+00:00,197.98,198.15,197.93,198.0,89167
2023-12-14 13:00:00+00:00,197.98,198.97,197.9,198.26,312394
2023-12-14 14:00:00+00:00,198.26,199.62,197.5,199.2,11406678
2023-12-14 15:00:00+00:00,199.19,199.6,198.6584,199.12,10782650
2023-12-14 16:00:00+00:00,199.125,199.215,197.76,197.7979,8283646
2023-12-14 17:00:00+00:00,197.795,198.56,197.59,197.71,4998663
2023-12-14 18:00:00+00:00,197.71,197.71,196.16,196.7977,5641864
2023-12-14 19:00:00+00:00,196.795,197.905,196.77,197.715,4812010
2023-12-14 20:00:00+00:00,197.72,198.16,197.56,198.14,10181484
2023-12-14 21:00:00+00:00,198.11,198.27,197.85,198.0,9958689
2023-12-14 22:00:00+00:00,198.0,198.02,197.81,197.89,22671
2023-12-14 23:00:00+00:00,197.94,198.08,197.8,197.94,25302
2023-12-15 00:00:00+00:00,197.92,198.14,197.9,197.9,26531
2023-12-15 09:00:00+00:00,198.3,198.35,198.21,198.3,11174
2023-12-15 10:00:00+00:00,198.25,198.3,198.16,198.25,12340
2023-12-15 11:00:00+00:00,198.25,198.34,198.25,198.25,7983
2023-12-15 12:00:00+00:00,198.26,198.26,197.46,197.7,52704
2023-12-15 13:00:00+00:00,198.2501,198.77,197.5,198.15,202610
2023-12-15 14:00:00+00:00,198.2,198.5,196.66,197.885,23316909
2023-12-15 15:00:00+00:00,197.89,198.3999,197.42,197.677,7615397
2023-12-15 16:00:00+00:00,197.68,198.02,197.35,197.935,4742709
2023-12-15 17:00:00+00:00,197.94,197.95,197.155,197.1699,4638645
2023-12-15 18:00:00+00:00,197.1612,197.6388,197.02,197.56,5068340
2023-12-15 19:00:00+00:00,197.565,197.665,197.27,197.4799,3146798
2023-12-15 20:00:00+00:00,197.475,198.2,197.0,197.12,11438964
2023-12-15 21:00:00+00:00,197.57,197.57,195.81,196.45,67746246
2023-12-15 22:00:00+00:00,196.48,197.57,196.15,196.4173,213836
2023-12-15 23:00:00+00:00,196.5,196.65,196.4,196.62,77375
2023-12-16 00:00:00+00:00,196.62,196.85,196.52,196.5999,212471
2023-12-18 09:00:00+00:00,196.32,196.49,195.5,195.77,34277
2023-12-18 10:00:00+00:00,195.8,196.2,195.8,196.05,14606
2023-12-18 11:00:00+00:00,196.07,196.31,195.95,196.21,17672
2023-12-18 12:00:00+00:00,196.32,196.5,196.12,196.48,48527
2023-12-18 13:00:00+00:00,196.44,196.5,193.5,196.22,1690040
2023-12-18 14:00:00+00:00,196.22,196.63,194.39,194.925,9714987
2023-12-18 15:00:00+00:00,194.95,195.59,194.62,194.96,8625858
2023-12-18 16:00:00+00:00,194.95,195.29,194.65,194.835,5178656
2023-12-18 17:00:00+00:00,194.835,195.4688,194.81,195.46,3401245
2023-12-18 18:00:00+00:00,195.465,196.23,195.46,196.205,3674703
2023-12-18 19:00:00+00:00,196.21,196.48,196.01,196.26,4147790
2023-12-18 20:00:00+00:00,196.27,196.45,195.78,195.8623,7241388
2023-12-18 21:00:00+00:00,195.89,195.9207,195.0,195.8,10789606
2023-12-18 22:00:00+00:00,195.78,195.86,195.72,195.75,993689
2023-12-18 23:00:00+00:00,195.75,195.89,195.69,195.7802,59203
2023-12-19 00:00:00+00:00,195.86,195.89,195.74,195.85,25583
2023-12-19 09:00:00+00:00,195.76,196.0,195.76,195.91,3413
2023-12-19 10:00:00+00:00,195.9,195.94,195.8,195.85,2060
2023-12-19 11:00:00+00:00,195.83,196.19,195.75,196.17,21084
2023-12-19 12:00:00+00:00,196.07,196.52,195.98,196.5,78972
2023-12-19 13:00:00+00:00,195.89,197.0,195.51,196.65,1001041
2023-12-19 14:00:00+00:00,196.55,196.655,195.89,196.5782,5356504
2023-12-19 15:00:00+00:00,196.58,196.84,196.05,196.725,5434001
2023-12-19 16:00:00+00:00,196.725,196.95,196.21,196.285,3931499
2023-12-19 17:00:00+00:00,196.285,196.35,195.97,196.25,2731655
2023-12-19 18:00:00+00:00,196.245,196.31,195.97,196.085,2321349
2023-12-19 19:00:00+00:00,196.09,196.1701,195.99,196.095,2374791
2023-12-19 20:00:00+00:00,196.1,196.95,195.98,196.92,5899980
2023-12-19 21:00:00+00:00,196.92,197.0,196.78,196.83,11437300
2023-12-19 22:00:00+00:00,196.82,196.84,196.76,196.84,41353
2023-12-19 23:00:00+00:00,196.82,196.8406,196.76,196.8,16955
2023-12-20 00:00:00+00:00,196.76,196.88,196.76,196.88,39768
2023-12-20 09:00:00+00:00,196.0,196.2,195.68,195.95,27301
2023-12-20 10:00:00+00:00,195.97,195.99,195.81,195.99,14232
2023-12-20 11:00:00+00:00,195.99,196.12,195.86,196.0,17583
2023-12-20 12:00:00+00:00,196.0,196.25,195.89,196.04,50732
2023-12-20 13:00:00+00:00,196.04,196.9,195.9799,196.14,98391
2023-12-20 14:00:00+00:00,196.14,197.68,195.95,197.52,6193763
2023-12-20 15:00:00+00:00,197.51,197.665,197.23,197.385,4874062
2023-12-20 16:00:00+00:00,197.385,197.44,197.01,197.3037,3804400
2023-12-20 17:00:00+00:00,197.31,197.44,197.2,197.41,2764552
2023-12-20 18:00:00+00:00,197.41,197.57,197.1668,197.235,2943308
2023-12-20 19:00:00+00:00,197.23,197.34,195.68,195.72,5230711
2023-12-20 20:00:00+00:00,195.72,196.18,194.84,194.84,12155482
2023-12-20 21:00:00+00:00,194.85,195.373,194.76,195.3001,12759888
2023-12-20 22:00:00+00:00,195.33,195.52,195.31,195.33,1195906
2023-12-20 23:00:00+00:00,195.36,195.44,194.83,195.3301,62613
2023-12-21 00:00:00+00:00,195.38,195.5,195.37,195.4,25439
2023-12-21 09:00:00+00:00,195.86,196.1,195.7,195.94,27630
2023-12-21 10:00:00+00:00,195.93,195.94,195.75,195.79,7267
2023-12-21 11:00:00+00:00,195.86,195.99,195.79,195.84,6867
2023-12-21 12:00:00+00:00,195.89,195.99,195.81,195.85,33788
2023-12-21 13:00:00+00:00,195.9,196.49,195.5,196.05,219224
2023-12-21 14:00:00+00:00,196.08,197.08,195.68,195.78,5059359
2023-12-21 15:00:00+00:00,195.78,195.82,194.29,194.44,7680419
2023-12-21 16:00:00+00:00,194.435,194.97,194.34,194.49,4418808
2023-12-21 17:00:00+00:00,194.4909,194.53,193.67,193.75,4842005
2023-12-21 18:00:00+00:00,193.75,194.24,193.5,194.0601,4080021
2023-12-21 19:00:00+00:00,194.06,194.36,193.78,193.89,3630855
2023-12-21 20:00:00+00:00,193.89,194.98,193.76,194.68,7451575
2023-12-21 21:00:00+00:00,194.7,194.99,194.68,194.85,7667565
2023-12-21 22:00:00+00:00,194.84,194.9,194.78,194.8,1229290
2023-12-21 23:00:00+00:00,194.76,194.7663,194.58,194.65,51513
2023-12-22 00:00:00+00:00,194.64,194.6793,194.6,194.63,24734
2023-12-22 09:00:00+00:00,194.46,194.46,193.84,194.21,25842
2023-12-22 10:00:00+00:00,194.21,194.56,194.15,194.53,14380
2023-12-22 11:00:00+00:00,194.59,194.69,194.58,194.69,6492
2023-12-22 12:00:00+00:00,194.74,194.99,194.74,194.94,34660
2023-12-22 13:00:00+00:00,194.665,195.2,194.1,195.18,215780
2023-12-22 14:00:00+00:00,195.18,195.41,194.425,195.235,4725708
2023-12-22 15:00:00+00:00,195.23,195.29,194.33,194.345,5152309
2023-12-22 16:00:00+00:00,194.34,194.38,194.01,194.13,3736745
2023-12-22 17:00:00+00:00,194.1399,194.32,193.84,194.25,3438890
2023-12-22 18:00:00+00:00,194.259,194.46,193.98,194.0,2795532
2023-12-22 19:00:00+00:00,194.01,194.02,192.97,193.8,4402363
2023-12-22 20:00:00+00:00,193.81,193.99,193.485,193.53,6551308
2023-12-22 21:00:00+00:00,193.62,193.76,193.53,193.6,5890015
2023-12-22 22:00:00+00:00,193.5809,193.6,193.55,193.58,52785
2023-12-22 23:00:00+00:00,193.57,193.65,193.56,193.6,6533
2023-12-23 00:00:00+00:00,193.57,193.59,193.55,193.58,19037
2023-12-26 09:00:00+00:00,193.8,194.12,193.76,193.81,11878
2023-12-26 10:00:00+00:00,193.83,193.92,193.83,193.84,2352
2023-12-26 11:00:00+00:00,193.89,193.89,193.83,193.87,1735
2023-12-26 12:00:00+00:00,193.85,193.88,193.7,193.87,20712
2023-12-26 13:00:00+00:00,193.85,194.02,193.116,193.5294,123432
2023-12-26 14:00:00+00:00,193.53,193.89,192.98,193.25,4398547
2023-12-26 15:00:00+00:00,193.255,193.44,192.89,193.225,4155289
2023-12-26 16:00:00+00:00,193.228,193.3,192.89,193.225,2660270
2023-12-26 17:00:00+00:00,193.22,193.33,193.03,193.18,2570586
2023-12-26 18:00:00+00:00,193.18,193.36,192.83,192.8898,2344902
2023-12-26 19:00:00+00:00,192.89,193.14,192.87,193.045,2317149
2023-12-26 20:00:00+00:00,193.05,193.49,192.92,193.04,5498682
2023-12-26 21:00:00+00:00,193.07,193.11,192.86,192.9,4712370
2023-12-26 22:00:00+00:00,192.9,193.05,192.87,192.9099,18457
2023-12-26 23:00:00+00:00,192.92,193.0,192.89,192.9056,27414
2023-12-27 00:00:00+00:00,192.93,192.95,192.86,192.9,10703
2023-12-27 09:00:00+00:00,193.0,193.0,192.74,192.8,16843
2023-12-27 10:00:00+00:00,192.8,192.86,192.8,192.86,2194
2023-12-27 11:00:00+00:00,192.81,192.83,192.8,192.82,4623
2023-12-27 12:00:00+00:00,192.85,192.98,192.82,192.91,14436
2023-12-27 13:00:00+00:00,192.8214,193.05,192.8,192.9133,302762
2023-12-27 14:00:00+00:00,192.94,192.99,192.0,192.45,4352007
2023-12-27 15:00:00+00:00,192.455,192.54,191.1,191.67,7267166
2023-12-27 16:00:00+00:00,191.6788,192.18,191.09,192.1442,6172092
2023-12-27 17:00:00+00:00,192.15,192.75,192.1111,192.64,5431193
2023-12-27 18:00:00+00:00,192.64,193.5,192.64,193.3818,4581496
2023-12-27 19:00:00+00:00,193.38,193.38,192.76,192.92,4230883
2023-12-27 20:00:00+00:00,192.92,193.22,192.73,193.19,7287759
2023-12-27 21:00:00+00:00,193.15,193.23,193.08,193.13,8239906
2023-12-27 22:00:00+00:00,193.11,193.23,193.0501,193.1494,119537
2023-12-27 23:00:00+00:00,193.15,193.1954,193.1,193.16,17004
2023-12-28 00:00:00+00:00,193.16,193.22,193.1,193.1794,21071
2023-12-28 09:00:00+00:00,193.5,194.0,193.5,193.6,14852
2023-12-28 10:00:00+00:00,193.6,193.83,193.6,193.8,8175
2023-12-28 11:00:00+00:00,193.83,193.85,193.73,193.73,4176
2023-12-28 12:00:00+00:00,193.75,193.75,193.56,193.64,24788
2023-12-28 13:00:00+00:00,193.69,193.76,193.5142,193.65,99635
2023-12-28 14:00:00+00:00,193.63,194.66,193.4,194.095,5209221
2023-12-28 15:00:00+00:00,194.095,194.48,193.73,194.21,4923855
2023-12-28 16:00:00+00:00,194.2112,194.22,193.89,194.13,3054197
2023-12-28 17:00:00+00:00,194.125,194.43,193.89,193.98,3220384
2023-12-28 18:00:00+00:00,193.975,193.98,193.58,193.8706,3143837
2023-12-28 19:00:00+00:00,193.875,194.09,193.865,193.9741,2276451
2023-12-28 20:00:00+00:00,193.97,193.97,193.17,193.58,6997078
2023-12-28 21:00:00+00:00,193.58,193.92,193.58,193.75,4738801
2023-12-28 22:00:00+00:00,193.73,193.77,193.58,193.68,61187
2023-12-28 23:00:00+00:00,193.67,193.67,193.58,193.6,35375
2023-12-29 00:00:00+00:00,193.6,193.7991,193.6,193.78,9484
2023-12-29 09:00:00+00:00,193.77,193.88,193.7,193.76,7052
2023-12-29 10:00:00+00:00,193.74,193.75,193.67,193.67,1125
2023-12-29 11:00:00+00:00,193.75,193.75,193.67,193.75,3651
2023-12-29 12:00:00+00:00,193.8,193.86,193.6,193.73,26469
2023-12-29 13:00:00+00:00,193.72,193.95,193.56,193.93,77024
2023-12-29 14:00:00+00:00,193.93,194.4,193.4301,193.505,3097365
2023-12-29 15:00:00+00:00,193.505,193.55,192.6646,192.755,3974474
2023-12-29 16:00:00+00:00,192.76,192.8667,191.89,192.3201,4184810
2023-12-29 17:00:00+00:00,192.325,192.48,191.725,191.955,4253517
2023-12-29 18:00:00+00:00,191.955,192.42,191.87,192.37,3585898
2023-12-29 19:00:00+00:00,192.375,192.54,192.09,192.47,2979385
2023-12-29 20:00:00+00:00,192.475,193.13,192.02,192.52,10090692
2023-12-29 21:00:00+00:00,192.54,192.955,192.26,192.38,9997087
2023-12-29 22:00:00+00:00,192.3702,192.53,192.0,192.26,101502
2023-12-29 23:00:00+00:00,192.2599,192.2599,192.13,192.1894,15379
2023-12-30 00:00:00+00:00,192.14,192.24,192.1,192.1501,26400
